form	lemma	POS	morph
ལེའུ་	ལེའུ་	NOUN
གསུམ་པ་	གསུམ་པ་	NUM
།		PUNCT
རང་དོན་	རང་དོན་	NOUN
ལེའུ་	ལེའུ་	NOUN
འི་	གི་	PART
ས་བཅད་	ས་བཅད་	NOUN
།		PUNCT
གསུམ་པ་	གསུམ་པ་	NUM
རང་དོན་	རང་དོན་	NOUN
ལེའུ་	ལེའུ་	NOUN
བཤད་པ་	བཤད་པ་	VERB
ལ་	ལ་	PART
གཉིས་	གཉིས་	NUM
།		PUNCT
		
ལེའུ་	ལེའུ་	NOUN
འི་	གི་	PART
འབྲེལ་	འབྲེལ་	VERB
།		PUNCT
		
		
འབྲེལ་བ་	འབྲེལ་བ་	VERB
ཅན་	ཅན་	PART
ལེའུ་	ལེའུ་	NOUN
འི་	གི་	PART
གཞུང་	གཞུང་	NOUN
བཤད་པ་	བཤད་པ་	VERB
འོ་	གོ་	PART
།།		PUNCT
		
གཉིས་པ་	གཉིས་པ་	NUM
འབྲེལ་པ་	འབྲེལ་པ་	VERB
ཅན་	ཅན་	PART
གྱི་	གི་	PART
ལེའུ་	ལེའུ་	NOUN
འི་	གི་	PART
གཞུང་	གཞུང་	NOUN
བཤད་པ་	བཤད་པ་	VERB
ལ་	ལ་	PART
བཞི་	བཞི་	NUM
།		PUNCT
		
བརྟེན་པ་	བརྟེན་པ་	VERB
རྗེས་དཔག་	རྗེས་དཔག་	OTHER
བཤད་པ་	བཤད་པ་	VERB
།		PUNCT
		
		
རྟེན་	རྟེན་	NOUN
གཏན་ཚིགས་	གཏན་ཚིགས་	NOUN
བཤད་པ་	བཤད་པ་	VERB
།		PUNCT
		
		
རྟགས་འཇུག་པ་	རྟགས་འཇུག་པ་	OTHER
འི་	གི་	PART
ཡུལ་	ཡུལ་	NOUN
བཤད་པ་	བཤད་པ་	VERB
།		PUNCT
		
		
རྟགས་ཆོས་	རྟགས་ཆོས་	NO_POS
ཀྱི་	གི་	PART
འབྲེལ་བ་	འབྲེལ་བ་	VERB
བཤད་པ་	བཤད་པ་	VERB
འོ་	གོ་	PART
།།		PUNCT
		
དང་པོ་	དང་པོ་	ADJ
རྟེན་	རྟེན་	NOUN
གཏན་ཚིགས་	གཏན་ཚིགས་	NOUN
བཤད་པ་	བཤད་པ་	VERB
ལ་	ལ་	PART
གཉིས་	གཉིས་	NUM
།		PUNCT
		
མདོ་	མདོ་	NOUN
ར་	ལ་	PART
བསྟན་པ་	བསྟན་པ་	VERB
།		PUNCT
		
		
རྒྱས་པ་	རྒྱས་པ་	VERB
ར་	ལ་	PART
བཤད་པ་	བཤད་པ་	VERB
འོ་	གོ་	PART
།།		PUNCT
		
དང་པོ་	དང་པོ་	ADJ
མདོ་	མདོ་	NOUN
ར་	ལ་	PART
བསྟན་པ་	བསྟན་པ་	VERB
ལ་	ལ་	PART
གཉིས་	གཉིས་	NUM
།		PUNCT
		
སྤྱི་	སྤྱི་	DET
འི་	གི་	PART
དོན་	དོན་	NOUN
དང་	དང་	NO_POS
།		PUNCT
		
		
ཚིག་	ཚིག་	NOUN
གི་	གི་	PART
དོན་	དོན་	NOUN
ནོ་	གོ་	PART
།།		PUNCT
		
གཉིས་པ་	གཉིས་པ་	NUM
རྒྱས་པ་	རྒྱས་པ་	VERB
ར་	ལ་	PART
བཤད་པ་	བཤད་པ་	VERB
ལ་	ལ་	PART
ལྔ་	ལྔ་	NUM
།		PUNCT
		
འབྲས་བུ་	འབྲས་བུ་	NOUN
འི་	གི་	PART
གཏན་ཚིགས་	གཏན་ཚིགས་	NOUN
།		PUNCT
		
		
རང་བཞིན་	རང་བཞིན་	NOUN
གྱི་	གི་	PART
གཏན་ཚིགས་	གཏན་ཚིགས་	NOUN
།		PUNCT
		
		
མ་	མ་	PART
དམིགས་པ་	དམིགས་པ་	VERB
འི་	གི་	PART
གཏན་ཚིགས་	གཏན་ཚིགས་	NOUN
།		PUNCT
		
		
གྲངས་	གྲངས་	NOUN
ངེས་	ངེས་	VERB
།		PUNCT
		
		
མཚན་ཉིད་	མཚན་ཉིད་	NOUN
དང་	དང་	NO_POS
གྲངས་	གྲངས་	NOUN
ངེས་	ངེས་	VERB
ལ་	ལ་	PART
རྩོད་པ་	རྩོད་པ་	VERB
སྤང་བ་	སྤང་བ་	VERB
འོ་	གོ་	PART
།།		PUNCT
		
དང་པོ་	དང་པོ་	ADJ
འབྲས་བུ་	འབྲས་བུ་	NOUN
འི་	གི་	PART
གཏན་ཚིགས་	གཏན་ཚིགས་	NOUN
ལ་	ལ་	PART
གཉིས་	གཉིས་	NUM
།		PUNCT
སྤྱི་	སྤྱི་	DET
འི་	གི་	PART
དོན་	དོན་	NOUN
དང་	དང་	NO_POS
།		PUNCT
		
ཚིག་	ཚིག་	NOUN
གི་	གི་	PART
དོན་	དོན་	NOUN
ནོ་	གོ་	PART
།།		PUNCT
		
གསུམ་པ་	གསུམ་པ་	NUM
མ་	མ་	PART
དམིགས་པ་	དམིགས་པ་	VERB
འི་	གི་	PART
གཏན་ཚིགས་	གཏན་ཚིགས་	NOUN
ལ་	ལ་	PART
གཉིས་	གཉིས་	NUM
།		PUNCT
		
མི་སྣང་བ་	མི་སྣང་བ་	NO_POS
མ་	མ་	PART
དམིགས་པ་	དམིགས་པ་	VERB
།		PUNCT
		
		
སྣང་	སྣང་	VERB
རུང་	རུང་	SCONJ
མ་	མ་	PART
དམིགས་པ་	དམིགས་པ་	VERB
འི་	གི་	PART
གཏན་ཚིགས་	གཏན་ཚིགས་	NOUN
སོ་	གོ་	PART
།།		PUNCT
		
གཉིས་པ་	གཉིས་པ་	NUM
སྣང་	སྣང་	VERB
རུང་	རུང་	SCONJ
མ་	མ་	PART
དམིགས་པ་	དམིགས་པ་	VERB
འི་	གི་	PART
རྟགས་	རྟགས་	NOUN
ལ་	ལ་	PART
གསུམ་	གསུམ་	NUM
།		PUNCT
		
ངོ་བོ་	ངོ་བོ་	NOUN
།		PUNCT
		
		
དབྱེ་བ་	དབྱེ་བ་	VERB
།		PUNCT
		
		
རྩོད་པ་	རྩོད་པ་	VERB
སྤང་བ་	སྤང་བ་	VERB
འོ་	གོ་	PART
།།		PUNCT
		
བཞི་པ་	བཞི་པ་	ADJ
གྲངས་	གྲངས་	NOUN
ངེས་	ངེས་	VERB
བཤད་པ་	བཤད་པ་	VERB
ལ་	ལ་	PART
གཉིས་	གཉིས་	NUM
།		PUNCT
		
རྒྱུ་	རྒྱུ་	NOUN
ཚོགས་པ་	ཚོགས་པ་	VERB
ས་	གིས་	PART
འབྲས་བུ་	འབྲས་བུ་	NOUN
དཔོག་པ་	དཔོག་པ་	VERB
རྟགས་	རྟགས་	NOUN
སུ་	ལ་	PART
འདུ་བ་	འདུ་བ་	VERB
།		PUNCT
		
		
རོ་ལས་	རོ་ལས་	NO_POS
གཟུགས་	གཟུགས་	NOUN
དཔོག་པ་	དཔོག་པ་	VERB
རྟགས་	རྟགས་	NOUN
སུ་	ལ་	PART
འདུ་བ་	འདུ་བ་	VERB
འོ་	གོ་	PART
།།		PUNCT
		
ལྔ་པ་	ལྔ་པ་	NUM
མཚན་ཉིད་	མཚན་ཉིད་	NOUN
དང་	དང་	NO_POS
གྲངས་	གྲངས་	NOUN
ངེས་	ངེས་	VERB
ལ་	ལ་	PART
རྩོད་པ་	རྩོད་པ་	VERB
སྤང་བ་	སྤང་བ་	VERB
ལ་	ལ་	PART
གཉིས་	གཉིས་	NUM
།		PUNCT
		
རྟགས་	རྟགས་	NOUN
མི་	མི་	PART
མཐུན་	མཐུན་	VERB
ཕྱོགས་	ཕྱོགས་	NOUN
ལ་མ་	ལ་མ་	NO_POS
མཐོང་བ་	མཐོང་བ་	VERB
ཙམ་	ཙམ་	DET
རྟགས་	རྟགས་	NOUN
སུ་	ལ་	PART
མི་	མི་	PART
རུང་བ་	རུང་བ་	VERB
།		PUNCT
		
		
དེ་	དེ་	DET
འི་	གི་	PART
ཤེས་བྱེད་	ཤེས་བྱེད་	NOUN
བཤད་པ་	བཤད་པ་	VERB
འོ་	གོ་	PART
།།		PUNCT
		
གཉིས་པ་	གཉིས་པ་	NUM
རྟགས་ཆོས་	རྟགས་ཆོས་	NO_POS
ཀྱི་	གི་	PART
འབྲེལ་བ་	འབྲེལ་བ་	VERB
བཤད་པ་	བཤད་པ་	VERB
ལ་	ལ་	PART
གཉིས་	གཉིས་	NUM
།		PUNCT
		
རྟགས་ཆོས་	རྟགས་ཆོས་	NO_POS
ལ་	ལ་	PART
འབྲེལ་བ་	འབྲེལ་བ་	VERB
དགོས་པ་	དགོས་པ་	VERB
འི་	གི་	PART
རྒྱུ་མཚན་	རྒྱུ་མཚན་	NOUN
།		PUNCT
		
		
འབྲེལ་བ་	འབྲེལ་བ་	VERB
ངེས་	ངེས་	VERB
བྱེད་	བྱེད་	VERB
ཀྱི་	གི་	PART
ཚད་མ་	ཚད་མ་	NOUN
བཤད་པ་	བཤད་པ་	VERB
འོ་	གོ་	PART
།།		PUNCT
		
དང་པོ་	དང་པོ་	ADJ
རྟགས་ཆོས་	རྟགས་ཆོས་	NO_POS
ལ་	ལ་	PART
འབྲེལ་བ་	འབྲེལ་བ་	VERB
དགོས་པ་	དགོས་པ་	VERB
འི་	གི་	PART
རྒྱུ་མཚན་	རྒྱུ་མཚན་	NOUN
ལ་	ལ་	PART
གཉིས་	གཉིས་	NUM
།		PUNCT
		
མདོ་	མདོ་	NOUN
ར་	ལ་	PART
བསྟན་པ་	བསྟན་པ་	VERB
།		PUNCT
		
		
རྒྱས་པ་	རྒྱས་པ་	VERB
ར་	ལ་	PART
བཤད་པ་	བཤད་པ་	VERB
འོ་	གོ་	PART
།།		PUNCT
		
དང་པོ་	དང་པོ་	ADJ
མདོ་	མདོ་	NOUN
ར་	ལ་	PART
བསྟན་པ་	བསྟན་པ་	VERB
ལ་	ལ་	PART
གཉིས་	གཉིས་	NUM
།		PUNCT
		
སྤྱི་	སྤྱི་	DET
འི་	གི་	PART
དོན་	དོན་	NOUN
དང་	དང་	NO_POS
།		PUNCT
		
		
ཚིག་	ཚིག་	NOUN
གི་	གི་	PART
དོན་	དོན་	NOUN
ནོ་	གོ་	PART
།།		PUNCT
		
གཉིས་པ་	གཉིས་པ་	NUM
རྒྱས་པ་	རྒྱས་པ་	VERB
ར་	ལ་	PART
བཤད་པ་	བཤད་པ་	VERB
ལ་	ལ་	PART
གཉིས་	གཉིས་	NUM
།		PUNCT
		
གཞན་	གཞན་	DET
གྱི་	གི་	PART
འདོད་པ་	འདོད་པ་	VERB
ལ་	ལ་	PART
གནོད་	གནོད་	VERB
བྱེད་	བྱེད་	VERB
བསྟན་	བསྟན་	VERB
།		PUNCT
		
		
རང་	རང་	PRON
གི་	གི་	PART
འདོད་པ་	འདོད་པ་	VERB
ལ་	ལ་	PART
སྒྲུབ་བྱེད་	སྒྲུབ་བྱེད་	NOUN
བཤད་པ་	བཤད་པ་	VERB
འོ་	གོ་	PART
།།		PUNCT
		
དང་པོ་	དང་པོ་	ADJ
གཞན་	གཞན་	DET
གྱི་	གི་	PART
འདོད་པ་	འདོད་པ་	VERB
ལ་	ལ་	PART
གནོད་	གནོད་	VERB
བྱེད་	བྱེད་	VERB
བསྟན་པ་	བསྟན་པ་	VERB
ལ་	ལ་	PART
གསུམ་	གསུམ་	NUM
།		PUNCT
		
རང་སྡེ་	རང་སྡེ་	NO_POS
ལུང་	ལུང་	NOUN
གིས་	གིས་	PART
དགག་	དགག་	VERB
		
		
ཐུན་མོང་	ཐུན་མོང་	ADJ
དུ་	ལ་	PART
རིགས་པ་	རིགས་པ་	VERB
ས་	གིས་	PART
དགག་	དགག་	VERB
		
		
གཞན་	གཞན་	DET
སྡེ་	སྡེ་	NOUN
ཁ་	ཁ་	PRON
ས་	གིས་	PART
བླངས་	བླངས་	VERB
ཀྱིས་	གིས་	PART
དགག་པ་	དགག་པ་	VERB
འོ་	གོ་	PART
།།		PUNCT
		
དང་པོ་	དང་པོ་	ADJ
རང་སྡེ་	རང་སྡེ་	NO_POS
ལུང་	ལུང་	NOUN
གིས་	གིས་	PART
དགག་པ་	དགག་པ་	VERB
ལ་ལུང་	ལ་ལུང་	NO_POS
འགལ་	འགལ་	VERB
དྲུག་	དྲུག་	NUM
		
ལུང་	ལུང་	NOUN
འགལ་	འགལ་	VERB
དང་པོ་	དང་པོ་	ADJ
།		PUNCT
		
		
ལུང་	ལུང་	NOUN
འགལ་	འགལ་	VERB
གཉིས་པ་	གཉིས་པ་	NUM
།		PUNCT
		
		
ལུང་	ལུང་	NOUN
འགལ་	འགལ་	VERB
གསུམ་པ་	གསུམ་པ་	NUM
།		PUNCT
		
		
ལུང་	ལུང་	NOUN
འགལ་	འགལ་	VERB
བཞི་པ་	བཞི་པ་	ADJ
།		PUNCT
		
		
ལུང་	ལུང་	NOUN
འགལ་	འགལ་	VERB
ལྔ་པ་	ལྔ་པ་	NUM
།		PUNCT
		
		
ལུང་	ལུང་	NOUN
འགལ་	འགལ་	VERB
དྲུག་པ་	དྲུག་པ་	NUM
།		PUNCT
		
གཉིས་པ་	གཉིས་པ་	NUM
རང་	རང་	PRON
གི་	གི་	PART
འདོད་པ་	འདོད་པ་	VERB
ལ་	ལ་	PART
སྒྲུབ་བྱེད་	སྒྲུབ་བྱེད་	NOUN
བཤད་པ་	བཤད་པ་	VERB
ལ་	ལ་	PART
བཞི་	བཞི་	NUM
།		PUNCT
		
ཁྱབ་པ་	ཁྱབ་པ་	VERB
ཤེས་པ་	ཤེས་པ་	VERB
རྟགས་ཆོས་	རྟགས་ཆོས་	NO_POS
ཀྱི་	གི་	PART
འབྲེལ་བ་	འབྲེལ་བ་	VERB
ཤེས་པ་	ཤེས་པ་	VERB
ལ་	ལ་	PART
བལྟོས་པ་	བལྟོས་པ་	VERB
ར་	ལ་	PART
བསྟན་	བསྟན་	VERB
།		PUNCT
		
		
འབྲེལ་བ་	འབྲེལ་བ་	VERB
ཤེ་	ཤེ་	VERB
ན་	ལ་	PART
ཁྱབ་པ་	ཁྱབ་པ་	VERB
དཔེ་	དཔེ་	NOUN
འི་	གི་	PART
སྟེང་	སྟེང་	NOUN
དུ་	ལ་	PART
སྒྲུབ་	སྒྲུབ་	VERB
མི་	མི་	PART
དགོས་པ་	དགོས་པ་	VERB
།		PUNCT
		
		
ཁྱབ་	ཁྱབ་	VERB
འབྲེལ་	འབྲེལ་	VERB
དྲན་པ་	དྲན་པ་	VERB
སྒྲུབ་	སྒྲུབ་	VERB
ངག་	ངག་	NOUN
ལ་	ལ་	PART
བལྟོས་པ་	བལྟོས་པ་	VERB
།		PUNCT
		
		
སྒྲུབ་	སྒྲུབ་	VERB
རྟགས་	རྟགས་	NOUN
ཀྱི་	གི་	PART
འབྲེལ་བ་	འབྲེལ་བ་	VERB
འི་	གི་	PART
ཤུགས་	ཤུགས་	NOUN
ལ་	ལ་	ADP
ས་	གིས་	PART
དགག་རྟགས་	དགག་རྟགས་	NO_POS
ཀྱི་	གི་	PART
འབྲེལ་བ་	འབྲེལ་བ་	VERB
ཡང་	ཀྱང་	PART
རྟོཌ་		NON_WORD
ནུས་པ་	ནུས་པ་	VERB
འོ་	གོ་	PART
།།		PUNCT
		
བཞི་པ་	བཞི་པ་	ADJ
སྒྲུབ་	སྒྲུབ་	VERB
རྟཌ་		NON_WORD
ཀྱི་	གི་	PART
འབྲེལ་བ་	འབྲེལ་བ་	VERB
འི་	གི་	PART
ཤུགས་	ཤུགས་	NOUN
ལ་	ལ་	ADP
ས་	གིས་	PART
དགག་	དགག་	VERB
རྟཌ་		NON_WORD
ཀྱི་	གི་	PART
འབྲེལ་བ་	འབྲེལ་བ་	VERB
ཡང་	ཀྱང་	PART
རྟོགས་	རྟོགས་	VERB
ནུས་པ་	ནུས་པ་	VERB
ལ་	ལ་	PART
གཉིས་	གཉིས་	NUM
།		PUNCT
		
རྟོགས་	རྟོགས་	VERB
ཚུལ་	ཚུལ་	NOUN
དངོ་	དངོ་	NOUN
།		PUNCT
		
		
དེ་ལས་	དེ་ལས་	NO_POS
འཕྲོས་པ་	འཕྲོས་པ་	VERB
འི་	གི་	PART
དོན་	དོན་	NOUN
ནོ་	གོ་	PART
།།		PUNCT
		
གཉིས་པ་	གཉིས་པ་	NUM
དེ་ལས་	དེ་ལས་	NO_POS
འཕྲོས་པ་	འཕྲོས་པ་	VERB
འི་	གི་	PART
དོན་	དོན་	NOUN
ལ་	ལ་	PART
གཉིས་	གཉིས་	NUM
།		PUNCT
		
སྣང་	སྣང་	VERB
རུང་	རུང་	SCONJ
མ་	མ་	PART
དམིགས་པ་	དམིགས་པ་	VERB
འི་	གི་	PART
རྟགས་	རྟགས་	NOUN
གསུམ་	གསུམ་	NUM
དུ་	ལ་	PART
བསྡུ་བ་	བསྡུ་བ་	VERB
།		PUNCT
		
		
བརྒྱད་	བརྒྱད་	NUM
དུ་	ལ་	PART
ཕྱེ་བ་	ཕྱེ་བ་	VERB
འོ་	གོ་	PART
།།		PUNCT
		
གཉིས་པ་	གཉིས་པ་	NUM
འབྲེལ་བ་	འབྲེལ་བ་	VERB
ངེས་	ངེས་	VERB
བྱེད་	བྱེད་	VERB
ཀྱི་	གི་	PART
ཚད་མ་	ཚད་མ་	NOUN
བཤད་པ་	བཤད་པ་	VERB
ལ་	ལ་	PART
གསུམ་	གསུམ་	NUM
།		PUNCT
		
མདོ་	མདོ་	NOUN
ར་	ལ་	PART
བསྟན་པ་	བསྟན་པ་	VERB
།		PUNCT
		
		
རྒྱས་པ་	རྒྱས་པ་	VERB
ར་	ལ་	PART
བཤད་པ་	བཤད་པ་	VERB
།		PUNCT
		
		
དོན་	དོན་	NOUN
བསྡུ་བ་	བསྡུ་བ་	VERB
འོ་	གོ་	PART
།།		PUNCT
		
གཉིས་པ་	གཉིས་པ་	NUM
རྒྱས་པ་	རྒྱས་པ་	VERB
ར་	ལ་	PART
བཤད་པ་	བཤད་པ་	VERB
ལ་	ལ་	PART
གསུམ་	གསུམ་	NUM
།		PUNCT
		
སྒྲུབ་	སྒྲུབ་	VERB
རྟགས་	རྟགས་	NOUN
ཀྱི་	གི་	PART
འབྲེལ་བ་	འབྲེལ་བ་	VERB
ངེས་	ངེས་	VERB
བྱེད་	བྱེད་	VERB
བཤད་	བཤད་	VERB
།		PUNCT
		
		
དགག་རྟགས་	དགག་རྟགས་	NO_POS
ཀྱི་	གི་	PART
འབྲེལ་བ་	འབྲེལ་བ་	VERB
ངེས་	ངེས་	VERB
བྱེད་	བྱེད་	VERB
བཤད་	བཤད་	VERB
།		PUNCT
		
		
དེ་	སྟེ་	PART
གཉིས་	གཉིས་	NUM
ཀྱི་	གི་	PART
དོན་	དོན་	NOUN
བསྡུ་བ་	བསྡུ་བ་	VERB
འོ་	གོ་	PART
།།		PUNCT
		
དང་པོ་	དང་པོ་	ADJ
སྒྲུབ་	སྒྲུབ་	VERB
རྟགས་	རྟགས་	NOUN
ཀྱི་	གི་	PART
འབྲེལ་བ་	འབྲེལ་བ་	VERB
ངེས་	ངེས་	VERB
བྱེད་	བྱེད་	VERB
བཤད་པ་	བཤད་པ་	VERB
ལ་	ལ་	PART
གསུམ་	གསུམ་	NUM
།		PUNCT
		
འབྲས་བུ་	འབྲས་བུ་	NOUN
འི་	གི་	PART
རྟགས་	རྟགས་	NOUN
ཀྱི་	གི་	PART
འབྲེལ་བ་	འབྲེལ་བ་	VERB
ངེས་	ངེས་	VERB
བྱེད་	བྱེད་	VERB
བཤད་	བཤད་	VERB
།		PUNCT
		
		
རང་བཞིན་	རང་བཞིན་	NOUN
གྱི་	གི་	PART
རྟགས་	རྟགས་	NOUN
ཀྱི་	གི་	PART
འབྲེལ་བ་	འབྲེལ་བ་	VERB
ངེས་	ངེས་	VERB
བྱེད་	བྱེད་	VERB
བཤད་	བཤད་	VERB
།		PUNCT
		
		
དེ་	སྟེ་	PART
གཉིས་	གཉིས་	NUM
ཀྱི་	གི་	PART
དོན་	དོན་	NOUN
བསྡུ་བ་	བསྡུ་བ་	VERB
འོ་	གོ་	PART
།།		PUNCT
		
དང་པོ་	དང་པོ་	ADJ
འབྲས་བུ་	འབྲས་བུ་	NOUN
འི་	གི་	PART
རྟགས་	རྟགས་	NOUN
ཀྱི་	གི་	PART
འབྲེལ་བ་	འབྲེལ་བ་	VERB
ངེས་	ངེས་	VERB
བྱེད་	བྱེད་	VERB
བཤད་པ་	བཤད་པ་	VERB
ལ་	ལ་	PART
གསུམ་	གསུམ་	NUM
།		PUNCT
		
མདོ་	མདོ་	NOUN
ར་	ལ་	PART
བསྟན་པ་	བསྟན་པ་	VERB
།		PUNCT
		
		
རྒྱས་པ་	རྒྱས་པ་	VERB
ར་	ལ་	PART
བཤད་པ་	བཤད་པ་	VERB
།		PUNCT
		
		
དོན་	དོན་	NOUN
བསྡུ་བ་	བསྡུ་བ་	VERB
འོ་	གོ་	PART
།།		PUNCT
		
གཉིས་པ་	གཉིས་པ་	NUM
རྒྱས་པ་	རྒྱས་པ་	VERB
ར་	ལ་	PART
བཤད་པ་	བཤད་པ་	VERB
ལ་	ལ་	PART
གཉིས་	གཉིས་	NUM
།		PUNCT
		
རྗེས་འགྲོ་	རྗེས་འགྲོ་	OTHER
སྒྲུབ་པ་	སྒྲུབ་པ་	VERB
།		PUNCT
		
		
ལྡོག་པ་	ལྡོག་པ་	VERB
སྒྲུབ་པ་	སྒྲུབ་པ་	VERB
འོ་	གོ་	PART
།།		PUNCT
		
གཉིས་པ་	གཉིས་པ་	NUM
རང་བཞིན་	རང་བཞིན་	NOUN
རྟགས་	རྟགས་	NOUN
ཀྱི་	གི་	PART
འབྲེལ་བ་	འབྲེལ་བ་	VERB
ངེས་	ངེས་	VERB
བྱེད་	བྱེད་	VERB
བཤད་པ་	བཤད་པ་	VERB
ལ་	ལ་	PART
གཉིས་	གཉིས་	NUM
།		PUNCT
		
འབྲེལ་བ་	འབྲེལ་བ་	VERB
གྲུབ་པ་	གྲུབ་པ་	VERB
འི་	གི་	PART
ཚུལ་	ཚུལ་	NOUN
།		PUNCT
		
		
ངེས་	ངེས་	VERB
བྱེད་	བྱེད་	VERB
ཀྱི་	གི་	PART
ཚད་མ་	ཚད་མ་	NOUN
དངོ་	དངོ་	NOUN
བཤད་པ་	བཤད་པ་	VERB
འོ་	གོ་	PART
།།		PUNCT
		
དང་པོ་	དང་པོ་	ADJ
འབྲེལ་བ་	འབྲེལ་བ་	VERB
གྲུབ་པ་	གྲུབ་པ་	VERB
འི་	གི་	PART
ཚུལ་	ཚུལ་	NOUN
ལ་	ལ་	PART
གཉིས་	གཉིས་	NUM
།		PUNCT
		
རྟགས་ཆོས་	རྟགས་ཆོས་	NO_POS
ངོ་བོ་	ངོ་བོ་	NOUN
གཅིག་	གཅིག་	NUM
ཏུ་	ལ་	PART
བསྟན་པ་	བསྟན་པ་	VERB
།		PUNCT
		
		
ངོ་བོ་	ངོ་བོ་	NOUN
གཅིག་	གཅིག་	NUM
ན་	ལ་	PART
རྟགས་ཆོས་	རྟགས་ཆོས་	NO_POS
ཐ་	ཐ་	NOUN
མི་	མི་	PART
དད་	དད་	VERB
དུ་ཐལ་བ་	དུ་ཐལ་བ་	NO_POS
སྤང་བ་	སྤང་བ་	VERB
འོ་	གོ་	PART
།།		PUNCT
		
གཉིས་པ་	གཉིས་པ་	NUM
ངོ་བོ་	ངོ་བོ་	NOUN
གཅིག་	གཅིག་	NUM
ན་	ལ་	PART
རྟགས་ཆོས་	རྟགས་ཆོས་	NO_POS
ཐ་	ཐ་	NOUN
མི་	མི་	PART
དད་	དད་	VERB
དུ་ཐལ་བ་	དུ་ཐལ་བ་	NO_POS
སྤང་བ་	སྤང་བ་	VERB
ལ་	ལ་	PART
གཉིས་	གཉིས་	NUM
།		PUNCT
		
མདོ་	མདོ་	NOUN
ར་	ལ་	PART
བསྟན་པ་	བསྟན་པ་	VERB
།		PUNCT
		
		
རྒྱས་པ་	རྒྱས་པ་	VERB
ར་	ལ་	PART
བཤད་པ་	བཤད་པ་	VERB
འོ་	གོ་	PART
།།		PUNCT
		
གཉིས་པ་	གཉིས་པ་	NUM
རྒྱས་པ་	རྒྱས་པ་	VERB
ར་	ལ་	PART
བཤད་པ་	བཤད་པ་	VERB
ལ་	ལ་	PART
གཉིས་	གཉིས་	NUM
།		PUNCT
		
དངོས་པོ་	དངོས་པོ་	NOUN
འི་	གི་	PART
ཡུལ་ཅན་	ཡུལ་ཅན་	NOUN
གྱི་	གི་	PART
སྒྲ་	སྒྲ་	NOUN
རྟོག་	རྟོག་	VERB
བསྒྲུབས་པ་	བསྒྲུབས་པ་	VERB
ས་	གིས་	PART
འཇུག་པ་	འཇུག་པ་	VERB
དགག་	དགག་	VERB
		
		
དངོས་མེད་	དངོས་མེད་	NOUN
ཀྱི་	གི་	PART
ཡུལ་ཅན་	ཡུལ་ཅན་	NOUN
གྱི་	གི་	PART
སྒྲ་	སྒྲ་	NOUN
རྟོག་	རྟོག་	VERB
བསྒྲུབས་པ་	བསྒྲུབས་པ་	VERB
ས་	གིས་	PART
འཇུག་པ་	འཇུག་པ་	VERB
དགག་པ་	དགག་པ་	VERB
འོ་	གོ་	PART
།།		PUNCT
		
དང་པོ་	དང་པོ་	ADJ
དངོས་པོ་	དངོས་པོ་	NOUN
འི་	གི་	PART
ཡུལ་ཅན་	ཡུལ་ཅན་	NOUN
གྱི་	གི་	PART
སྒྲ་	སྒྲ་	NOUN
རྟོག་	རྟོག་	VERB
བསྒྲུབས་པ་	བསྒྲུབས་པ་	VERB
ས་	གིས་	PART
འཇུག་པ་	འཇུག་པ་	VERB
དགག་པ་	དགག་པ་	VERB
ལ་	ལ་	PART
བཞི་	བཞི་	NUM
།		PUNCT
		
དངོས་པོ་	དངོས་པོ་	NOUN
འི་	གི་	PART
ཡུལ་ཅན་	ཡུལ་ཅན་	NOUN
གྱི་	གི་	PART
རྟོག་པ་	རྟོག་པ་	VERB
བསྒྲུབས་པ་	བསྒྲུབས་པ་	VERB
ས་	གིས་	PART
འཇུག་པ་	འཇུག་པ་	VERB
དགག་	དགག་	VERB
		
		
རྗོད་	རྗོད་	VERB
བྱེད་	བྱེད་	VERB
ཀྱི་	གི་	PART
སྒྲ་	སྒྲ་	NOUN
བསྒྲུབས་པ་	བསྒྲུབས་པ་	VERB
ས་	གིས་	PART
འཇུག་པ་	འཇུག་པ་	VERB
དགག་	དགག་	VERB
		
		
དེ་	སྟེ་	PART
གཉིས་	གཉིས་	NUM
ཀྱི་	གི་	PART
དོན་	དོན་	NOUN
བསྡུ་བ་	བསྡུ་བ་	VERB
།		PUNCT
		
		
སྤྱི་	སྤྱི་	DET
དངོས་མེད་	དངོས་མེད་	NOUN
ལ་	ལ་	PART
རྩོད་པ་	རྩོད་པ་	VERB
སྤང་བ་	སྤང་བ་	VERB
འོ་	གོ་	PART
།།		PUNCT
		
དང་པོ་	དང་པོ་	ADJ
དངོས་པོ་	དངོས་པོ་	NOUN
འི་	གི་	PART
ཡུལ་ཅན་	ཡུལ་ཅན་	NOUN
གྱི་	གི་	PART
རྟོག་པ་	རྟོག་པ་	VERB
བསྒྲུབས་པ་	བསྒྲུབས་པ་	VERB
ས་	གིས་	PART
འཇུག་པ་	འཇུག་པ་	VERB
དགག་པ་	དགག་པ་	VERB
ལ་	ལ་	PART
གསུམ་	གསུམ་	NUM
།		PUNCT
		
མངོན་སུམ་	མངོན་སུམ་	NOUN
བསྒྲུབས་པ་	བསྒྲུབས་པ་	VERB
ས་	གིས་	PART
འཇུག་	འཇུག་	VERB
ཀྱང་	ཀྱང་	PART
རྟོག་པ་	རྟོག་པ་	VERB
སེལ་བ་	སེལ་བ་	VERB
ས་	གིས་	PART
འཇུག་	འཇུག་	VERB
		
		
རྟོག་པ་	རྟོག་པ་	VERB
བསྒྲུབས་པ་	བསྒྲུབས་པ་	VERB
ས་	གིས་	PART
འཇུག་པ་	འཇུག་པ་	VERB
ལ་	ལ་	PART
གནོད་	གནོད་	VERB
བྱེད་	བྱེད་	VERB
བསྟན་	བསྟན་	VERB
།		PUNCT
		
		
དེ་	སྟེ་	PART
ལ་	ལ་	PART
རྩོད་པ་	རྩོད་པ་	VERB
སྤང་བ་	སྤང་བ་	VERB
འོ་	གོ་	PART
།།		PUNCT
		
དང་པོ་	དང་པོ་	ADJ
མངོན་སུམ་	མངོན་སུམ་	NOUN
བསྒྲུབས་པ་	བསྒྲུབས་པ་	VERB
ས་	གིས་	PART
འཇུག་	འཇུག་	VERB
ཀྱང་	ཀྱང་	PART
རྟོག་པ་	རྟོག་པ་	VERB
སེལ་བ་	སེལ་བ་	VERB
ས་	གིས་	PART
འཇུག་པ་	འཇུག་པ་	VERB
ལ་	ལ་	PART
གཉིས་	གཉིས་	NUM
།		PUNCT
		
དངོ་	དངོ་	NOUN
དང་	དང་	NO_POS
།		PUNCT
		
		
དོན་	དོན་	NOUN
བསྡུ་བ་	བསྡུ་བ་	VERB
འོ་	གོ་	PART
།།		PUNCT
		
གཉིས་པ་	གཉིས་པ་	NUM
རྟོག་པ་	རྟོག་པ་	VERB
བསྒྲུབས་པ་	བསྒྲུབས་པ་	VERB
ས་	གིས་	PART
འཇུག་པ་	འཇུག་པ་	VERB
ལ་	ལ་	PART
གནོད་	གནོད་	VERB
བྱེད་	བྱེད་	VERB
བསྟན་པ་	བསྟན་པ་	VERB
ལ་	ལ་	PART
གཉིས་	གཉིས་	NUM
།		PUNCT
		
དགག་སྒྲུབ་	དགག་སྒྲུབ་	OTHER
གཅིག་	གཅིག་	NUM
ཅ་	ཅ་	OTHER
ར་	ལ་	PART
དུ་	ལ་	PART
རྟོགས་པ་	རྟོགས་པ་	VERB
ར་	ལ་	PART
ཐལ་བ་	ཐལ་བ་	NOUN
།		PUNCT
		
		
སྒྲ་	སྒྲ་	NOUN
བློ་	བློ་	NOUN
རྣམ་	རྣམ་	NOUN
གྲངས་པ་	གྲངས་པ་	NOUN
ར་	ལ་	PART
ཐལ་བ་	ཐལ་བ་	NOUN
འོ་	གོ་	PART
།།		PUNCT
		
གཉིས་པ་	གཉིས་པ་	NUM
སྒྲ་	སྒྲ་	NOUN
བློ་	བློ་	NOUN
རྣམ་	རྣམ་	NOUN
གྲངས་པ་	གྲངས་པ་	NOUN
ར་	ལ་	PART
ཐལ་བ་	ཐལ་བ་	NOUN
ལ་	ལ་	PART
གཉིས་	གཉིས་	NUM
།		PUNCT
		
མདོ་	མདོ་	NOUN
ར་	ལ་	PART
བསྟན་	བསྟན་	VERB
།		PUNCT
		
		
རྒྱས་པ་	རྒྱས་པ་	VERB
ར་	ལ་	PART
བཤད་པ་	བཤད་པ་	VERB
འོ་	གོ་	PART
།།		PUNCT
		
གཉིས་པ་	གཉིས་པ་	NUM
རྒྱས་པ་	རྒྱས་པ་	VERB
ར་	ལ་	PART
བཤད་པ་	བཤད་པ་	VERB
ལ་	ལ་	PART
གཉིས་	གཉིས་	NUM
།		PUNCT
		
འདོད་པ་	འདོད་པ་	VERB
བརྗོད་	བརྗོད་	VERB
།		PUNCT
		
		
དེ་	སྟེ་	PART
དགག་པ་	དགག་པ་	VERB
འོ་	གོ་	PART
།།		PUNCT
		
གཉིས་པ་	གཉིས་པ་	NUM
དེ་	སྟེ་	PART
དགག་པ་	དགག་པ་	VERB
ལ་	ལ་	PART
གཉིས་	གཉིས་	NUM
།		PUNCT
		
བརྗོད་བྱ་	བརྗོད་བྱ་	NOUN
གཞན་	གཞན་	DET
ཡོད་པ་	ཡོད་པ་	VERB
དགག་	དགག་	VERB
		
		
དགོས་པ་	དགོས་པ་	VERB
གཞན་	གཞན་	DET
ཡོད་པ་	ཡོད་པ་	VERB
དགག་པ་	དགག་པ་	VERB
འོ་	གོ་	PART
།།		PUNCT
		
གསུམ་པ་	གསུམ་པ་	NUM
དེ་	སྟེ་	PART
ལ་	ལ་	PART
རྩོད་པ་	རྩོད་པ་	VERB
སྤང་བ་	སྤང་བ་	VERB
ལ་	ལ་	PART
གསུམ་	གསུམ་	NUM
།		PUNCT
		
རྩོད་པ་	རྩོད་པ་	VERB
དགོད་	དགོད་	VERB
།		PUNCT
		
		
དེ་	དེ་	DET
འི་	གི་	PART
ལན་	ལན་	NOUN
བཤད་	བཤད་	VERB
།		PUNCT
		
		
དེ་ལས་	དེ་ལས་	NO_POS
འཕྲོས་པ་	འཕྲོས་པ་	VERB
འི་	གི་	PART
རྩོད་	རྩོད་	VERB
སྤང་	སྤང་	VERB
ངོ་	གོ་	PART
།།		PUNCT
		
གཉིས་པ་	གཉིས་པ་	NUM
དེ་	དེ་	DET
འི་	གི་	PART
ལན་	ལན་	NOUN
བཤད་པ་	བཤད་པ་	VERB
ལ་	ལ་	PART
གསུམ་	གསུམ་	NUM
།		PUNCT
		
སྒྲ་	སྒྲ་	NOUN
སེལ་བ་	སེལ་བ་	VERB
ས་	གིས་	PART
འཇུག་པ་	འཇུག་པ་	VERB
ར་	ལ་	PART
བསྟན་	བསྟན་	VERB
།		PUNCT
		
		
དངོ་	དངོ་	NOUN
དབང་	དབང་	NOUN
གིས་	གིས་	PART
མི་	མི་	PART
འཇུག་པ་	འཇུག་པ་	VERB
ར་	ལ་	PART
བསྟན་	བསྟན་	VERB
།		PUNCT
		
		
བརྗོད་	བརྗོད་	VERB
འདོད་	འདོད་	VERB
ཀྱིས་	གིས་	PART
འཇུག་པ་	འཇུག་པ་	VERB
ལ་	ལ་	PART
ཐ་སྙད་	ཐ་སྙད་	NOUN
ཐམས་ཅད་	ཐམས་ཅད་	DET
འཐད་པ་	འཐད་པ་	VERB
འོ་	གོ་	PART
།།		PUNCT
		
གསུམ་པ་	གསུམ་པ་	NUM
དེ་ལས་	དེ་ལས་	NO_POS
འཕྲོས་པ་	འཕྲོས་པ་	VERB
འི་	གི་	PART
རྩོད་	རྩོད་	VERB
སྤང་	སྤང་	VERB
ལ་	ལ་	PART
གཉིས་	གཉིས་	NUM
།		PUNCT
		
རྩོད་པ་	རྩོད་པ་	VERB
དང་	དང་	NO_POS
།		PUNCT
		
		
ལན་	ལན་	NOUN
ནོ་	གོ་	PART
།།		PUNCT
		
གཉིས་པ་	གཉིས་པ་	NUM
དེ་	དེ་	DET
འི་	གི་	PART
ལན་	ལན་	NOUN
ལ་	ལ་	PART
བཞི་	བཞི་	NUM
།		PUNCT
		
སྤྱི་	སྤྱི་	DET
གཏན་	གཏན་	NOUN
ལ་	ལ་	PART
ཕབ་	ཕབ་	VERB
།		PUNCT
		
		
དེ་ཉིད་	དེ་ཉིད་	NOUN
ཐ་སྙད་	ཐ་སྙད་	NOUN
དུ་	ལ་	PART
བཞག་	བཞག་	VERB
		
		
དེ་	དེ་	DET
ས་	གིས་	PART
གྲུབ་པ་	གྲུབ་པ་	VERB
འི་	གི་	PART
དོན་	དོན་	NOUN
།		PUNCT
		
		
དོན་	དོན་	NOUN
བསྡུ་བ་	བསྡུ་བ་	VERB
འོ་	གོ་	PART
།།		PUNCT
		
དང་པོ་	དང་པོ་	ADJ
སྤྱི་	སྤྱི་	DET
གཏན་	གཏན་	NOUN
ལ་	ལ་	PART
ཕབ་པ་	ཕབ་པ་	VERB
ལ་	ལ་	PART
གཉིས་	གཉིས་	NUM
།		PUNCT
		
སྤྱི་	སྤྱི་	DET
ངོ་	ངོ་	NOUN
གཟུང་	གཟུང་	VERB
།		PUNCT
		
		
དེ་དོན་	དེ་དོན་	PRON
དམ་	གམ་	PART
དུ་མ་	དུ་མ་	ADJ
གྲུབ་པ་	གྲུབ་པ་	VERB
འོ་	གོ་	PART
།།		PUNCT
		
གཉིས་པ་	གཉིས་པ་	NUM
དེ་ཉིད་	དེ་ཉིད་	NOUN
ཐ་སྙད་	ཐ་སྙད་	NOUN
དུ་	ལ་	PART
བཞག་པ་	བཞག་པ་	VERB
ལ་	ལ་	PART
གསུམ་	གསུམ་	NUM
།		PUNCT
		
སྤྱི་	སྤྱི་	DET
སོགས་	སོགས་	DET
ཐ་སྙད་	ཐ་སྙད་	NOUN
དུ་	ལ་	PART
འཇོག་པ་	འཇོག་པ་	VERB
འི་	གི་	PART
རྒྱུ་མཚན་	རྒྱུ་མཚན་	NOUN
།		PUNCT
		
		
དེ་	དེ་	DET
ར་	ལ་	PART
བཞག་པ་	བཞག་པ་	VERB
འི་	གི་	PART
དགོས་པ་	དགོས་པ་	VERB
།		PUNCT
		
		
དོན་དམ་	དོན་དམ་	NOUN
དུ་མ་	དུ་མ་	ADJ
གྲུབ་པ་	གྲུབ་པ་	VERB
འི་	གི་	PART
རྒྱུ་མཚན་	རྒྱུ་མཚན་	NOUN
ནོ་	གོ་	PART
།།		PUNCT
		
དང་པོ་	དང་པོ་	ADJ
སྤྱི་	སྤྱི་	DET
སོགས་	སོགས་	DET
ཐ་སྙད་	ཐ་སྙད་	NOUN
དུ་	ལ་	PART
འཇོག་པ་	འཇོག་པ་	VERB
འི་	གི་	PART
རྒྱུ་མཚན་	རྒྱུ་མཚན་	NOUN
ལ་	ལ་	PART
གསུམ་	གསུམ་	NUM
།		PUNCT
		
སྤྱི་	སྤྱི་	DET
འི་	གི་	PART
ཡུལ་ཅན་	ཡུལ་ཅན་	NOUN
ངོ་	ངོ་	NOUN
གཟུང་	གཟུང་	VERB
།		PUNCT
		
		
དེ་	སྟེ་	PART
ལ་	ལ་	PART
སྤྱི་	སྤྱི་	DET
ཇི་ལྟ་		
སྣང་བ་	སྣང་བ་	VERB
འི་	གི་	PART
ཚུལ་	ཚུལ་	NOUN
།		PUNCT
		
		
སྣང་བ་	སྣང་བ་	VERB
དེ་	སྟེ་	PART
ལ་	ལ་	PART
སྤྱི་	སྤྱི་	DET
དང་	དང་	NO_POS
གཞི་མཐུན་	གཞི་མཐུན་	NO_POS
གྱི་	གི་	PART
ཐ་སྙད་	ཐ་སྙད་	NOUN
འདོགས་པ་	འདོགས་པ་	VERB
ར་	ལ་	PART
བསྟན་པ་	བསྟན་པ་	VERB
འོ་	གོ་	PART
།།		PUNCT
		
གསུམ་པ་	གསུམ་པ་	NUM
སྣང་བ་	སྣང་བ་	VERB
དེ་	སྟེ་	PART
ལ་	ལ་	PART
སྤྱི་	སྤྱི་	DET
དང་	དང་	NO_POS
གཞི་མཐུན་	གཞི་མཐུན་	NO_POS
གྱི་	གི་	PART
ཐ་སྙད་	ཐ་སྙད་	NOUN
འདོགས་པ་	འདོགས་པ་	VERB
ར་	ལ་	PART
བསྟན་པ་	བསྟན་པ་	VERB
ལ་	ལ་	PART
གཉིས་	གཉིས་	NUM
།		PUNCT
		
རྒྱས་པ་	རྒྱས་པ་	VERB
ར་	ལ་	PART
བཤད་པ་	བཤད་པ་	VERB
།		PUNCT
		
		
དོན་	དོན་	NOUN
བསྡུ་བ་	བསྡུ་བ་	VERB
འོ་	གོ་	PART
།།		PUNCT
		
གཉིས་པ་	གཉིས་པ་	NUM
དོན་	དོན་	NOUN
བསྡུ་བ་	བསྡུ་བ་	VERB
ལ་	ལ་	PART
གཉིས་	གཉིས་	NUM
།		PUNCT
		
སྤྱི་	སྤྱི་	DET
འི་	གི་	PART
ཐ་སྙད་	ཐ་སྙད་	NOUN
འཇུག་	འཇུག་	VERB
ཚུལ་	ཚུལ་	NOUN
བསྡུ་	བསྡུ་	VERB
ཏེ་	སྟེ་	PART
བསྟན་	བསྟན་	VERB
།		PUNCT
		
		
གཞི་མཐུན་	གཞི་མཐུན་	NO_POS
གྱི་	གི་	PART
ཐ་སྙད་	ཐ་སྙད་	NOUN
འཇུག་	འཇུག་	VERB
ཚུལ་	ཚུལ་	NOUN
བསྡུ་	བསྡུ་	VERB
ཏེ་	སྟེ་	PART
བསྟན་པ་	བསྟན་པ་	VERB
འོ་	གོ་	PART
།།		PUNCT
		
གཉིས་པ་	གཉིས་པ་	NUM
དངོས་པོ་	དངོས་པོ་	NOUN
འི་	གི་	PART
ཡུལ་ཅན་	ཡུལ་ཅན་	NOUN
གྱི་	གི་	PART
སྒྲ་	སྒྲ་	NOUN
བསྒྲུབས་པ་	བསྒྲུབས་པ་	VERB
ས་	གིས་	PART
འཇུག་པ་	འཇུག་པ་	VERB
དགག་པ་	དགག་པ་	VERB
ལ་	ལ་	PART
གཉིས་	གཉིས་	NUM
།		PUNCT
		
རྗོད་	རྗོད་	VERB
བྱེད་	བྱེད་	VERB
ཀྱི་	གི་	PART
སྒྲ་	སྒྲ་	NOUN
སེལ་འཇུག་	སེལ་འཇུག་	NO_POS
ཏུ་	ལ་	PART
སྒྲུབ་	སྒྲུབ་	VERB
།		PUNCT
		
		
དེ་	སྟེ་	PART
ལ་	ལ་	PART
རྩོད་པ་	རྩོད་པ་	VERB
སྤང་བ་	སྤང་བ་	VERB
འོ་	གོ་	PART
།།		PUNCT
		
དང་པོ་	དང་པོ་	ADJ
རྗོད་	རྗོད་	VERB
བྱེད་	བྱེད་	VERB
ཀྱི་	གི་	PART
སྒྲ་	སྒྲ་	NOUN
སེལ་འཇུག་	སེལ་འཇུག་	NO_POS
ཏུ་	ལ་	PART
སྒྲུབ་པ་	སྒྲུབ་པ་	VERB
ལ་	ལ་	PART
བཞི་	བཞི་	NUM
།		PUNCT
		
གཞན་ལུགས་	གཞན་ལུགས་	NO_POS
ཀྱི་	གི་	PART
བརྡ་	བརྡ་	NOUN
ཡུལ་	ཡུལ་	NOUN
དགག་	དགག་	VERB
		
		
རང་ལུགས་	རང་ལུགས་	NOUN
ཀྱི་	གི་	PART
བརྡ་	བརྡ་	NOUN
ཡུལ་	ཡུལ་	NOUN
སྒྲུབ་	སྒྲུབ་	VERB
།		PUNCT
		
		
དེ་	སྟེ་	PART
ལ་	ལ་	PART
རྩོད་པ་	རྩོད་པ་	VERB
སྤང་	སྤང་	VERB
།		PUNCT
		
		
སྤྱི་	སྤྱི་	DET
འཛིན་	འཛིན་	VERB
རྟོག་པ་	རྟོག་པ་	VERB
འཇུག་ཡུལ་	འཇུག་ཡུལ་	NO_POS
ལ་	ལ་	PART
མི་	མི་	PART
བསླུ་བ་	བསླུ་བ་	VERB
ར་	ལ་	PART
བསྟན་པ་	བསྟན་པ་	VERB
འོ་	གོ་	PART
།།		PUNCT
		
དང་པོ་	དང་པོ་	ADJ
གཞན་ལུགས་	གཞན་ལུགས་	NO_POS
ཀྱི་	གི་	PART
བརྡ་	བརྡ་	NOUN
ཡུལ་	ཡུལ་	NOUN
དགག་པ་	དགག་པ་	VERB
ལ་	ལ་	PART
གསུམ་	གསུམ་	NUM
།		PUNCT
		
གསལ་བ་	གསལ་བ་	VERB
རང་མཚན་	རང་མཚན་	NO_POS
ལ་	ལ་	PART
བརྡ་	བརྡ་	NOUN
དངོ་	དངོ་	NOUN
སུ་	ལ་	PART
སྦྱོར་བ་	སྦྱོར་བ་	VERB
དགག་	དགག་	VERB
		
		
སྤྱི་	སྤྱི་	DET
རང་མཚན་	རང་མཚན་	NO_POS
ལ་	ལ་	PART
བརྡ་	བརྡ་	NOUN
དངོ་	དངོ་	NOUN
སུ་	ལ་	PART
སྦྱོར་བ་	སྦྱོར་བ་	VERB
དགག་	དགག་	VERB
		
		
སྤྱི་	སྤྱི་	DET
དང་	དང་	NO_POS
ལྡན་པ་	ལྡན་པ་	VERB
འི་	གི་	PART
གསལ་བ་	གསལ་བ་	VERB
ལ་	ལ་	PART
བརྡ་	བརྡ་	NOUN
དངོ་	དངོ་	NOUN
སུ་	ལ་	PART
སྦྱོར་བ་	སྦྱོར་བ་	VERB
དགག་པ་	དགག་པ་	VERB
འོ་	གོ་	PART
།།		PUNCT
		
བཞི་པ་	བཞི་པ་	ADJ
སྤྱི་	སྤྱི་	DET
འཛིན་	འཛིན་	VERB
རྟོག་པ་	རྟོག་པ་	VERB
འཇུག་ཡུལ་	འཇུག་ཡུལ་	NO_POS
ལ་	ལ་	PART
མི་	མི་	PART
བསླུ་བ་	བསླུ་བ་	VERB
ར་	ལ་	PART
བསྟན་པ་	བསྟན་པ་	VERB
ལ་	ལ་	PART
གཉིས་	གཉིས་	NUM
།		PUNCT
		
རྒྱས་པ་	རྒྱས་པ་	VERB
ར་	ལ་	PART
བཤད་པ་	བཤད་པ་	VERB
།		PUNCT
		
		
དོན་	དོན་	NOUN
བསྡུ་བ་	བསྡུ་བ་	VERB
འོ་	གོ་	PART
།།		PUNCT
		
གཉིས་པ་	གཉིས་པ་	NUM
དེ་	སྟེ་	PART
ལ་	ལ་	PART
རྩོད་པ་	རྩོད་པ་	VERB
སྤང་བ་	སྤང་བ་	VERB
ལ་	ལ་	PART
བཞི་	བཞི་	NUM
།		PUNCT
		
རྟོགས་པ་	རྟོགས་པ་	VERB
ཕན་ཚུན་	ཕན་ཚུན་	ADV
བརྟེན་པ་	བརྟེན་པ་	VERB
འི་	གི་	PART
རྩོད་པ་	རྩོད་པ་	VERB
སྤང་	སྤང་	VERB
།		PUNCT
		
		
སྒྲ་	སྒྲ་	NOUN
ལ་	ལ་	PART
སེལ་འཇུག་	སེལ་འཇུག་	NO_POS
གིས་	གིས་	PART
མ་	མ་	PART
ཁྱབ་པ་	ཁྱབ་པ་	VERB
འི་	གི་	PART
རྩོད་པ་	རྩོད་པ་	VERB
སྤང་	སྤང་	VERB
།		PUNCT
		
		
སེལ་འཇུག་	སེལ་འཇུག་	NO_POS
ཐུག་མེད་	ཐུག་མེད་	NO_POS
དུ་ཐལ་བ་	དུ་ཐལ་བ་	NO_POS
འི་	གི་	PART
རྩོད་པ་	རྩོད་པ་	VERB
སྤང་	སྤང་	VERB
།		PUNCT
		
		
བློ་	བློ་	NOUN
རྣམ་	རྣམ་	NOUN
གྲངས་པ་	གྲངས་པ་	NOUN
ར་	ལ་	PART
ཐལ་བ་	ཐལ་བ་	NOUN
འི་	གི་	PART
རྩོད་པ་	རྩོད་པ་	VERB
སྤང་བ་	སྤང་བ་	VERB
འོ་	གོ་	PART
།།		PUNCT
		
དང་པོ་	དང་པོ་	ADJ
རྟོགས་པ་	རྟོགས་པ་	VERB
ཕན་ཚུན་	ཕན་ཚུན་	ADV
བརྟེན་པ་	བརྟེན་པ་	VERB
འི་	གི་	PART
རྩོད་པ་	རྩོད་པ་	VERB
སྤང་བ་	སྤང་བ་	VERB
ལ་	ལ་	PART
གཉིས་	གཉིས་	NUM
།		PUNCT
		
རྩོད་པ་	རྩོད་པ་	VERB
དང་	དང་	NO_POS
།		PUNCT
		
		
ལན་	ལན་	NOUN
ནོ་	གོ་	PART
།།		PUNCT
		
གཉིས་པ་	གཉིས་པ་	NUM
ལན་	ལན་	NOUN
ལ་	ལ་	PART
གཉིས་	གཉིས་	NUM
།		PUNCT
		
མགོ་	མགོ་	NOUN
མཚུངས་	མཚུངས་	VERB
ཀྱི་	གི་	PART
ལན་	ལན་	NOUN
།		PUNCT
		
		
རྣལ་མ་	རྣལ་མ་	NO_POS
འི་	གི་	PART
ལན་	ལན་	NOUN
གྱིས་	གིས་	PART
དགག་པ་	དགག་པ་	VERB
འོ་	གོ་	PART
།།		PUNCT
		
བཞི་པ་	བཞི་པ་	ADJ
སྤྱི་	སྤྱི་	DET
དངོས་མེད་	དངོས་མེད་	NOUN
ལ་	ལ་	PART
རྩོད་པ་	རྩོད་པ་	VERB
སྤང་བ་	སྤང་བ་	VERB
ལ་	ལ་	PART
གཉིས་	གཉིས་	NUM
།		PUNCT
		
སྤྱི་དོན་	སྤྱི་དོན་	NOUN
གཞན་	གཞན་	DET
མེད་	མེད་	VERB
ན་	ལ་	PART
དུ་མ་	དུ་མ་	ADJ
ལ་	ལ་	PART
སྒྲ་	སྒྲ་	NOUN
བློ་	བློ་	NOUN
གཅིག་	གཅིག་	NUM
མི་	མི་	PART
འཇུག་པ་	འཇུག་པ་	VERB
ར་	ལ་	PART
ཐལ་བ་	ཐལ་བ་	NOUN
འི་	གི་	PART
རྩོད་པ་	རྩོད་པ་	VERB
སྤང་	སྤང་	VERB
།		PUNCT
		
		
སྤྱི་	སྤྱི་	DET
གཙོ་བོ་	གཙོ་བོ་	ADJ
མེད་	མེད་	VERB
ན་	ལ་	PART
རྒྱུ་	རྒྱུ་	NOUN
དུ་མ་	དུ་མ་	ADJ
ས་	གིས་	PART
འབྲས་བུ་	འབྲས་བུ་	NOUN
གཅིག་	གཅིག་	NUM
མི་	མི་	PART
བསྐྱེད་པ་	བསྐྱེད་པ་	VERB
ར་	ལ་	PART
ཐལ་བ་	ཐལ་བ་	NOUN
འི་	གི་	PART
རྩོད་པ་	རྩོད་པ་	VERB
སྤང་བ་	སྤང་བ་	VERB
འོ་	གོ་	PART
།།		PUNCT
		
དང་པོ་	དང་པོ་	ADJ
སྤྱི་དོན་	སྤྱི་དོན་	NOUN
གཞན་	གཞན་	DET
མེད་	མེད་	VERB
ན་	ལ་	PART
དུ་མ་	དུ་མ་	ADJ
ལ་	ལ་	PART
སྒྲ་	སྒྲ་	NOUN
བློ་	བློ་	NOUN
གཅིག་	གཅིག་	NUM
མི་	མི་	PART
འཇུག་པ་	འཇུག་པ་	VERB
ར་	ལ་	PART
ཐལ་བ་	ཐལ་བ་	NOUN
འི་	གི་	PART
རྩོད་པ་	རྩོད་པ་	VERB
སྤང་བ་	སྤང་བ་	VERB
ལ་	ལ་	PART
གཉིས་	གཉིས་	NUM
།		PUNCT
		
རྩོད་པ་	རྩོད་པ་	VERB
དང་	དང་	NO_POS
།		PUNCT
		
		
ལན་	ལན་	NOUN
ནོ་	གོ་	PART
།།		PUNCT
		
གཉིས་པ་	གཉིས་པ་	NUM
ལན་	ལན་	NOUN
ལ་	ལ་	PART
གཉིས་	གཉིས་	NUM
།		PUNCT
		
སྒྲ་	སྒྲ་	NOUN
རྟོག་	རྟོག་	VERB
གཅིག་	གཅིག་	NUM
འཇུག་པ་	འཇུག་པ་	VERB
གཞན་སེལ་	གཞན་སེལ་	NO_POS
ལ་	ལ་	PART
བལྟོས་པ་	བལྟོས་པ་	VERB
ར་	ལ་	PART
བསྟན་	བསྟན་	VERB
།		PUNCT
		
		
སྤྱི་དོན་	སྤྱི་དོན་	NOUN
གཞན་	གཞན་	DET
ལ་	ལ་	PART
མི་	མི་	PART
བལྟོས་པ་	བལྟོས་པ་	VERB
ར་	ལ་	PART
བསྟན་པ་	བསྟན་པ་	VERB
འོ་	གོ་	PART
།།		PUNCT
		
གཉིས་པ་	གཉིས་པ་	NUM
སྤྱི་དོན་	སྤྱི་དོན་	NOUN
གཞན་	གཞན་	DET
ལ་	ལ་	PART
མི་	མི་	PART
བལྟོས་པ་	བལྟོས་པ་	VERB
ར་	ལ་	PART
བསྟན་པ་	བསྟན་པ་	VERB
ལ་	ལ་	PART
གཉིས་	གཉིས་	NUM
།		PUNCT
		
རྩོད་པ་	རྩོད་པ་	VERB
དང་	དང་	NO_POS
།		PUNCT
		
		
ལན་	ལན་	NOUN
ནོ་	གོ་	PART
།།		PUNCT
		
གཉིས་པ་	གཉིས་པ་	NUM
ལན་	ལན་	NOUN
ལ་	ལ་	PART
གཉིས་	གཉིས་	NUM
།		PUNCT
		
གནས་པ་	གནས་པ་	VERB
མི་	མི་	PART
འཐད་པ་	འཐད་པ་	VERB
ར་	ལ་	PART
བསྟན་	བསྟན་	VERB
།		PUNCT
		
		
གསལ་བ་	གསལ་བ་	VERB
གས་	གསའ་	NO_POS
ར་	ལ་	PART
བྱུང་	བྱུང་	VERB
ལ་	ལ་	PART
སྒྲ་	སྒྲ་	NOUN
གཅིག་	གཅིག་	NUM
མི་	མི་	PART
འཇུག་པ་	འཇུག་པ་	VERB
ར་	ལ་	PART
ཐལ་བ་	ཐལ་བ་	NOUN
འོ་	གོ་	PART
།།		PUNCT
		
དང་པོ་	དང་པོ་	ADJ
གནས་པ་	གནས་པ་	VERB
མི་	མི་	PART
འཐད་པ་	འཐད་པ་	VERB
ར་	ལ་	PART
བསྟན་པ་	བསྟན་པ་	VERB
ལ་	ལ་	PART
གཉིས་	གཉིས་	NUM
།		PUNCT
		
མདོ་	མདོ་	NOUN
ར་	ལ་	PART
བསྟན་པ་	བསྟན་པ་	VERB
།		PUNCT
		
		
རྒྱས་པ་	རྒྱས་པ་	VERB
ར་	ལ་	PART
བཤད་པ་	བཤད་པ་	VERB
འོ་	གོ་	PART
།།		PUNCT
		
གཉིས་པ་	གཉིས་པ་	NUM
རྒྱས་པ་	རྒྱས་པ་	VERB
ར་	ལ་	PART
བཤད་པ་	བཤད་པ་	VERB
ལ་	ལ་	PART
གཉིས་	གཉིས་	NUM
།		PUNCT
		
དེ་	སྟེ་	PART
ལ་	ལ་	PART
བརྟེན་པ་	བརྟེན་པ་	VERB
དགག་	དགག་	VERB
		
		
དེ་	དེ་	DET
ས་	གིས་	PART
གསལ་བ་	གསལ་བ་	VERB
ར་	ལ་	PART
བྱས་པ་	བྱས་པ་	VERB
དགག་པ་	དགག་པ་	VERB
འོ་	གོ་	PART
།།		PUNCT
		
གཉིས་པ་	གཉིས་པ་	NUM
གསལ་བ་	གསལ་བ་	VERB
གས་	གསའ་	NO_POS
ར་	ལ་	PART
བྱུང་	བྱུང་	VERB
ལ་	ལ་	PART
སྒྲ་	སྒྲ་	NOUN
གཅིག་	གཅིག་	NUM
མི་	མི་	PART
འཇུག་པ་	འཇུག་པ་	VERB
ར་	ལ་	PART
ཐལ་བ་	ཐལ་བ་	NOUN
ལ་	ལ་	PART
གཉིས་	གཉིས་	NUM
།		PUNCT
		
མདོ་	མདོ་	NOUN
ར་	ལ་	PART
བསྟན་པ་	བསྟན་པ་	VERB
།		PUNCT
		
		
རྒྱས་པ་	རྒྱས་པ་	VERB
ར་	ལ་	PART
བཤད་པ་	བཤད་པ་	VERB
འོ་	གོ་	PART
།།		PUNCT
		
གཉིས་པ་	གཉིས་པ་	NUM
སྤྱི་	སྤྱི་	DET
གཙོ་བོ་	གཙོ་བོ་	ADJ
མེད་	མེད་	VERB
ན་	ལ་	PART
རྒྱུ་	རྒྱུ་	NOUN
དུ་མ་	དུ་མ་	ADJ
ས་	གིས་	PART
འབྲས་བུ་	འབྲས་བུ་	NOUN
གཅིག་	གཅིག་	NUM
མི་	མི་	PART
བསྐྱེད་པ་	བསྐྱེད་པ་	VERB
ར་	ལ་	PART
ཐལ་བ་	ཐལ་བ་	NOUN
འི་	གི་	PART
རྩོད་པ་	རྩོད་པ་	VERB
སྤང་བ་	སྤང་བ་	VERB
ལ་	ལ་	PART
གཉིས་	གཉིས་	NUM
།		PUNCT
		
རྩོད་པ་	རྩོད་པ་	VERB
དང་	དང་	NO_POS
།		PUNCT
		
		
ལན་	ལན་	NOUN
ནོ་	གོ་	PART
།།		PUNCT
		
གཉིས་པ་	གཉིས་པ་	NUM
ལན་	ལན་	NOUN
ལ་	ལ་	PART
ལྔ་	ལྔ་	NUM
།		PUNCT
		
གྲངས་	གྲངས་	NOUN
ཅན་པ་	ཅན་པ་	PART
ལ་	ལ་	PART
གནོད་	གནོད་	VERB
བྱེད་	བྱེད་	VERB
བསྟན་	བསྟན་	VERB
།		PUNCT
		
		
གནོད་	གནོད་	VERB
བྱེད་	བྱེད་	VERB
རང་	རང་	PRON
ལ་	ལ་	PART
མི་	མི་	PART
འཇུག་པ་	འཇུག་པ་	VERB
ར་	ལ་	PART
བསྟན་	བསྟན་	VERB
།		PUNCT
		
		
གཞན་	གཞན་	DET
ལ་ཁ་	ལ་ཁ་	NOUN
ས་	གིས་	PART
བླངས་	བླངས་	VERB
ནང་	ནང་	NOUN
འགལ་	འགལ་	VERB
བསྟན་	བསྟན་	VERB
།		PUNCT
		
		
དོན་	དོན་	NOUN
བསྡུ་བ་	བསྡུ་བ་	VERB
།		PUNCT
		
		
དེ་	དེ་	DET
ས་	གིས་	PART
གཞན་	གཞན་	DET
ཡང་	ཀྱང་	PART
ཁེགས་པ་	ཁེགས་པ་	NO_POS
འོ་	གོ་	PART
།།		PUNCT
		
གཉིས་པ་	གཉིས་པ་	NUM
གནོད་	གནོད་	VERB
བྱེད་	བྱེད་	VERB
དེ་	སྟེ་	PART
རང་	རང་	PRON
ལ་	ལ་	PART
མི་	མི་	PART
འབྱུང་བ་	འབྱུང་བ་	VERB
ར་	ལ་	PART
བསྟན་པ་	བསྟན་པ་	VERB
ལ་	ལ་	PART
གསུམ་	གསུམ་	NUM
།		PUNCT
		
ཐམས་ཅད་	ཐམས་ཅད་	DET
ཀུན་	ཀུན་	DET
གྱི་	གི་	PART
སྐྱེད་བྱེད་	སྐྱེད་བྱེད་	NOUN
དུ་ཐལ་བ་	དུ་ཐལ་བ་	NO_POS
འི་	གི་	PART
གནོད་	གནོད་	VERB
བྱེད་	བྱེད་	VERB
མི་	མི་	PART
འབྱུང་	འབྱུང་	VERB
།		PUNCT
		
		
གསལ་བ་	གསལ་བ་	VERB
རྣམས་	རྣམས་	DET
སྐྱེད་བྱེད་མ་	སྐྱེད་བྱེད་མ་	NO_POS
ཡིན་པ་	ཡིན་པ་	AUX
ར་	ལ་	PART
ཐལ་བ་	ཐལ་བ་	NOUN
འི་	གི་	PART
གནོད་	གནོད་	VERB
བྱེད་	བྱེད་	VERB
མི་	མི་	PART
འཇུག་	འཇུག་	VERB
		
		
སླར་ཡང་	སླར་ཡང་	OTHER
ཐམས་ཅད་	ཐམས་ཅད་	DET
ཀུན་	ཀུན་	DET
གྱི་	གི་	PART
སྐྱེད་བྱེད་	སྐྱེད་བྱེད་	NOUN
དུ་ཐལ་བ་	དུ་ཐལ་བ་	NO_POS
འི་	གི་	PART
གནོད་	གནོད་	VERB
བྱེད་	བྱེད་	VERB
མི་	མི་	PART
འཇུག་པ་	འཇུག་པ་	VERB
འོ་	གོ་	PART
།།		PUNCT
		
ལྔ་པ་	ལྔ་པ་	NUM
དེ་	དེ་	DET
ས་	གིས་	PART
གཞན་	གཞན་	DET
ཡང་	ཀྱང་	PART
ཁེགས་པ་	ཁེགས་པ་	NO_POS
ར་	ལ་	PART
བསྟན་པ་	བསྟན་པ་	VERB
ལ་	ལ་	PART
གཉིས་	གཉིས་	NUM
།		PUNCT
		
བཤད་	བཤད་	VERB
ཟིན་	ཟིན་	VERB
གྱི་	གི་	PART
རིགས་པ་	རིགས་པ་	VERB
ས་	གིས་	PART
ཁེགས་པ་	ཁེགས་པ་	NO_POS
།		PUNCT
		
		
རིགས་པ་	རིགས་པ་	VERB
གཞན་	གཞན་	DET
གྱིས་	གིས་	PART
དགག་པ་	དགག་པ་	VERB
འོ་	གོ་	PART
།།		PUNCT
		
གཉིས་པ་	གཉིས་པ་	NUM
རིགས་པ་	རིགས་པ་	VERB
གཞན་	གཞན་	DET
གྱིས་	གིས་	PART
དགག་པ་	དགག་པ་	VERB
ལ་	ལ་	PART
གཉིས་	གཉིས་	NUM
།		PUNCT
		
འཇུག་པ་	འཇུག་པ་	VERB
འཆོལ་བ་	འཆོལ་བ་	NO_POS
ར་	ལ་	PART
ཐལ་བ་	ཐལ་བ་	NOUN
།		PUNCT
		
		
སྒྲ་	སྒྲ་	NOUN
བློ་	བློ་	NOUN
གཅིག་	གཅིག་	NUM
དང་	དང་	NO_POS
ཐ་དད་	ཐ་དད་	ADJ
མི་	མི་	PART
སྲིད་པ་	སྲིད་པ་	VERB
ར་	ལ་	PART
ཐལ་བ་	ཐལ་བ་	NOUN
འོ་	གོ་	PART
།།		PUNCT
		
གཉིས་པ་	གཉིས་པ་	NUM
ངེས་	ངེས་	VERB
བྱེད་	བྱེད་	VERB
ཀྱི་	གི་	PART
ཚད་མ་	ཚད་མ་	NOUN
དངོ་	དངོ་	NOUN
བཤད་པ་	བཤད་པ་	VERB
ལ་	ལ་	PART
གསུམ་	གསུམ་	NUM
།		PUNCT
		
རང་བཞིན་	རང་བཞིན་	NOUN
རྟགས་	རྟགས་	NOUN
ཀྱི་	གི་	PART
དབྱེ་བ་	དབྱེ་བ་	VERB
དཔེ་	དཔེ་	NOUN
ར་	ལ་	PART
བརྗོད་	བརྗོད་	VERB
དང་	དང་	NO_POS
བཅས་པ་	བཅས་པ་	VERB
བཤད་	བཤད་	VERB
།		PUNCT
		
		
དེ་	སྟེ་	PART
ལ་	ལ་	PART
རྩོད་པ་	རྩོད་པ་	VERB
སྤང་བ་	སྤང་བ་	VERB
།		PUNCT
		
		
འབྲེལ་བ་	འབྲེལ་བ་	VERB
ངེས་	ངེས་	VERB
བྱེད་	བྱེད་	VERB
ཀྱི་	གི་	PART
རིགས་པ་	རིགས་པ་	VERB
ས་	གིས་	PART
རྒྱས་པ་	རྒྱས་པ་	VERB
ར་	ལ་	PART
བཤད་པ་	བཤད་པ་	VERB
འོ་	གོ་	PART
།།		PUNCT
		
གཉིས་པ་	གཉིས་པ་	NUM
རྩོད་པ་	རྩོད་པ་	VERB
སྤང་བ་	སྤང་བ་	VERB
ལ་	ལ་	PART
གཉིས་	གཉིས་	NUM
།		PUNCT
		
རྩོད་པ་	རྩོད་པ་	VERB
དང་	དང་	NO_POS
།		PUNCT
		
		
ལན་	ལན་	NOUN
ནོ་	གོ་	PART
།།		PUNCT
		
གཉིས་པ་	གཉིས་པ་	NUM
ལན་	ལན་	NOUN
བཤད་པ་	བཤད་པ་	VERB
ལ་	ལ་	PART
གཉིས་	གཉིས་	NUM
།		PUNCT
		
རྒྱས་པ་	རྒྱས་པ་	VERB
ར་	ལ་	PART
བཤད་པ་	བཤད་པ་	VERB
།		PUNCT
		
		
དོན་	དོན་	NOUN
བསྡུ་བ་	བསྡུ་བ་	VERB
འོ་	གོ་	PART
།།		PUNCT
		
གསུམ་པ་	གསུམ་པ་	NUM
འབྲེལ་བ་	འབྲེལ་བ་	VERB
ངེས་	ངེས་	VERB
བྱེད་	བྱེད་	VERB
ཀྱི་	གི་	PART
རིགས་པ་	རིགས་པ་	VERB
རྒྱས་པ་	རྒྱས་པ་	VERB
ར་	ལ་	PART
བཤད་པ་	བཤད་པ་	VERB
ལ་	ལ་	PART
གཉིས་	གཉིས་	NUM
།		PUNCT
		
རྗེས་འགྲོ་	རྗེས་འགྲོ་	OTHER
སྒྲུབ་	སྒྲུབ་	VERB
།		PUNCT
		
		
ལྡོག་པ་	ལྡོག་པ་	VERB
སྒྲུབ་པ་	སྒྲུབ་པ་	VERB
འོ་	གོ་	PART
།།		PUNCT
		
གཉིས་པ་	གཉིས་པ་	NUM
དགག་རྟགས་	དགག་རྟགས་	NO_POS
ཀྱི་	གི་	PART
འབྲེལ་བ་	འབྲེལ་བ་	VERB
ངེས་	ངེས་	VERB
བྱེད་	བྱེད་	VERB
བཤད་པ་	བཤད་པ་	VERB
ལ་	ལ་	PART
གསུམ་	གསུམ་	NUM
།		PUNCT
		
མི་སྣང་བ་	མི་སྣང་བ་	NO_POS
མ་	མ་	PART
དམིགས་པ་	དམིགས་པ་	VERB
འི་	གི་	PART
རྟགས་	རྟགས་	NOUN
ཀྱི་	གི་	PART
འབྲེལ་བ་	འབྲེལ་བ་	VERB
ངེས་	ངེས་	VERB
བྱེད་	བྱེད་	VERB
བཤད་པ་	བཤད་པ་	VERB
།		PUNCT
		
		
སྣང་	སྣང་	VERB
རུང་	རུང་	SCONJ
མ་	མ་	PART
དམིགས་པ་	དམིགས་པ་	VERB
འི་	གི་	PART
རྟགས་	རྟགས་	NOUN
ཀྱི་	གི་	PART
འབྲེལ་བ་	འབྲེལ་བ་	VERB
ངེས་	ངེས་	VERB
བྱེད་	བྱེད་	VERB
བཤད་པ་	བཤད་པ་	VERB
།		PUNCT
		
		
དེ་	སྟེ་	PART
ལ་	ལ་	PART
རྩོད་པ་	རྩོད་པ་	VERB
སྤང་བ་	སྤང་བ་	VERB
འོ་	གོ་	PART
།།		PUNCT
		
དང་པོ་	དང་པོ་	ADJ
མི་སྣང་བ་	མི་སྣང་བ་	NO_POS
མ་	མ་	PART
དམིགས་པ་	དམིགས་པ་	VERB
འི་	གི་	PART
རྟགས་	རྟགས་	NOUN
ཀྱི་	གི་	PART
འབྲེལ་བ་	འབྲེལ་བ་	VERB
ངེས་	ངེས་	VERB
བྱེད་	བྱེད་	VERB
བཤད་པ་	བཤད་པ་	VERB
ལ་	ལ་	PART
གཉིས་	གཉིས་	NUM
།		PUNCT
		
མི་སྣང་བ་	མི་སྣང་བ་	NO_POS
མ་	མ་	PART
དམིགས་པ་	དམིགས་པ་	VERB
ས་	གིས་	PART
རང་	རང་	PRON
གི་	གི་	PART
དགག་བྱ་	དགག་བྱ་	VERB
ཡོད་	ཡོད་	VERB
ངེས་	ངེས་	VERB
ཀྱི་	གི་	PART
ཐ་སྙད་	ཐ་སྙད་	NOUN
འགོག་	འགོག་	NO_POS
ནུས་པ་	ནུས་པ་	VERB
ར་	ལ་	PART
བསྟན་	བསྟན་	VERB
།		PUNCT
		
		
མེད་	མེད་	VERB
ངེས་	ངེས་	VERB
ཀྱི་	གི་	PART
ཐ་སྙད་	ཐ་སྙད་	NOUN
བསྒྲུབ་	བསྒྲུབ་	VERB
མི་	མི་	PART
ནུས་པ་	ནུས་པ་	VERB
ར་	ལ་	PART
བསྟན་པ་	བསྟན་པ་	VERB
འོ་	གོ་	PART
།།		PUNCT
		
གཉིས་པ་	གཉིས་པ་	NUM
སྣང་	སྣང་	VERB
རུང་	རུང་	SCONJ
མ་	མ་	PART
དམིགས་པ་	དམིགས་པ་	VERB
འི་	གི་	PART
རྟགས་	རྟགས་	NOUN
ཀྱི་	གི་	PART
འབྲེལ་བ་	འབྲེལ་བ་	VERB
ངེས་	ངེས་	VERB
བྱེད་	བྱེད་	VERB
བཤད་པ་	བཤད་པ་	VERB
ལ་	ལ་	PART
གཉིས་	གཉིས་	NUM
།		PUNCT
		
མདོ་	མདོ་	NOUN
ར་	ལ་	PART
བསྟན་པ་	བསྟན་པ་	VERB
དང་	དང་	NO_POS
།		PUNCT
		
		
རྒྱས་པ་	རྒྱས་པ་	VERB
ར་	ལ་	PART
བཤད་པ་	བཤད་པ་	VERB
འོ་	གོ་	PART
།།		PUNCT
		
གཉིས་པ་	གཉིས་པ་	NUM
རྒྱས་པ་	རྒྱས་པ་	VERB
ར་	ལ་	PART
བཤད་པ་	བཤད་པ་	VERB
ལ་	ལ་	PART
གཉིས་	གཉིས་	NUM
།		PUNCT
		
འབྲེལ་	འབྲེལ་	VERB
ཟླ་	ཟླ་	NOUN
མ་	མ་	PART
དམིགས་པ་	དམིགས་པ་	VERB
འི་	གི་	PART
འབྲེལ་བ་	འབྲེལ་བ་	VERB
ངེས་	ངེས་	VERB
བྱེད་	བྱེད་	VERB
བཤད་	བཤད་	VERB
།		PUNCT
		
		
འགལ་ཟླ་	འགལ་ཟླ་	NO_POS
དམིགས་པ་	དམིགས་པ་	VERB
འི་	གི་	PART
འབྲེལ་བ་	འབྲེལ་བ་	VERB
ངེས་	ངེས་	VERB
བྱེད་	བྱེད་	VERB
བཤད་པ་	བཤད་པ་	VERB
འོ་	གོ་	PART
།།		PUNCT
		
གསུམ་པ་	གསུམ་པ་	NUM
དེ་	སྟེ་	PART
ལ་	ལ་	PART
རྩོད་པ་	རྩོད་པ་	VERB
སྤང་བ་	སྤང་བ་	VERB
ལ་	ལ་	PART
གཉིས་	གཉིས་	NUM
།		PUNCT
		
སྣང་	སྣང་	VERB
རུང་	རུང་	SCONJ
མ་	མ་	PART
དམིགས་པ་	དམིགས་པ་	VERB
འི་	གི་	PART
དགག་བྱ་	དགག་བྱ་	VERB
འགོག་	འགོག་	NO_POS
ཚུལ་	ཚུལ་	NOUN
ལ་	ལ་	PART
རྩོད་པ་	རྩོད་པ་	VERB
སྤང་བ་	སྤང་བ་	VERB
།		PUNCT
		
		
མི་སྣང་བ་	མི་སྣང་བ་	NO_POS
མ་	མ་	PART
དམིགས་པ་	དམིགས་པ་	VERB
འི་	གི་	PART
དགག་བྱ་	དགག་བྱ་	VERB
འགོག་	འགོག་	NO_POS
ཚུལ་	ཚུལ་	NOUN
ལ་	ལ་	PART
རྩོད་པ་	རྩོད་པ་	VERB
སྤང་བ་	སྤང་བ་	VERB
འོ་	གོ་	PART
།།		PUNCT
		
གཉིས་པ་	གཉིས་པ་	NUM
མི་སྣང་བ་	མི་སྣང་བ་	NO_POS
མ་	མ་	PART
དམིགས་པ་	དམིགས་པ་	VERB
འི་	གི་	PART
དགག་བྱ་	དགག་བྱ་	VERB
འགོག་	འགོག་	NO_POS
ཚུལ་	ཚུལ་	NOUN
ལ་	ལ་	PART
རྩོད་པ་	རྩོད་པ་	VERB
སྤང་བ་	སྤང་བ་	VERB
ལ་	ལ་	PART
གཉིས་	གཉིས་	NUM
།		PUNCT
		
རྩོད་པ་	རྩོད་པ་	VERB
དང་	དང་	NO_POS
།		PUNCT
		
		
ལན་	ལན་	NOUN
ནོ་	གོ་	PART
།།		PUNCT
		
གཉིས་པ་	གཉིས་པ་	NUM
ལན་	ལན་	NOUN
ལ་	ལ་	PART
གསུམ་	གསུམ་	NUM
།		PUNCT
		
ལུང་	ལུང་	NOUN
ཙམ་	ཙམ་	DET
ལ་	ལ་	ADP
ས་	གིས་	PART
ལུང་དོན་	ལུང་དོན་	OTHER
དེ་	སྟེ་	PART
བསྒྲུབ་	བསྒྲུབ་	VERB
མི་	མི་	PART
ནུས་	ནུས་	VERB
།		PUNCT
		
		
དཔྱད་པ་	དཔྱད་པ་	VERB
གསུམ་	གསུམ་	NUM
གྱིས་	གིས་	PART
དག་པ་	དག་པ་	VERB
འི་	གི་	PART
ལུང་དོན་	ལུང་དོན་	OTHER
རྟོགས་པ་	རྟོགས་པ་	VERB
ར་	ལ་	PART
དཀའ་བ་	དཀའ་བ་	VERB
།		PUNCT
		
		
སྐྱེས་བུ་	སྐྱེས་བུ་	NOUN
ས་	གིས་	PART
མ་	མ་	PART
བྱས་པ་	བྱས་པ་	VERB
འི་	གི་	PART
ལུང་	ལུང་	NOUN
དགག་པ་	དགག་པ་	VERB
འོ་	གོ་	PART
།།		PUNCT
		
གཉིས་པ་	གཉིས་པ་	NUM
དཔྱད་པ་	དཔྱད་པ་	VERB
གསུམ་	གསུམ་	NUM
གྱིས་	གིས་	PART
དག་པ་	དག་པ་	VERB
འི་	གི་	PART
ལུང་དོན་	ལུང་དོན་	OTHER
རྟོགས་པ་	རྟོགས་པ་	VERB
ར་	ལ་	PART
དཀའ་བ་	དཀའ་བ་	VERB
ལ་	ལ་	PART
གཉིས་	གཉིས་	NUM
།		PUNCT
		
རྩོད་པ་	རྩོད་པ་	VERB
དང་	དང་	NO_POS
།		PUNCT
		
		
ལན་	ལན་	NOUN
ནོ་	གོ་	PART
།།		PUNCT
		
གཉིས་པ་	གཉིས་པ་	NUM
ལན་	ལན་	NOUN
ལ་	ལ་	PART
གསུམ་	གསུམ་	NUM
།		PUNCT
		
ཡིད་ཆེས་པ་	ཡིད་ཆེས་པ་	NOUN
འི་	གི་	PART
ཚིག་	ཚིག་	NOUN
གི་	གི་	PART
དོན་	དོན་	NOUN
བཤད་	བཤད་	VERB
།		PUNCT
		
		
མི་	མི་	PART
བསླུ་བ་	བསླུ་བ་	VERB
འི་	གི་	PART
དོན་	དོན་	NOUN
བཤད་	བཤད་	VERB
།		PUNCT
		
		
རྗེས་སུ་	རྗེས་སུ་	OTHER
དཔག་པ་	དཔག་པ་	VERB
ཉིད་	ཉིད་	DET
ཀྱི་	གི་	PART
དོན་	དོན་	NOUN
བཤད་པ་	བཤད་པ་	VERB
འོ་	གོ་	PART
།།		PUNCT
		
གསུམ་པ་	གསུམ་པ་	NUM
སྐྱེས་བུ་	སྐྱེས་བུ་	NOUN
ས་	གིས་	PART
མ་	མ་	PART
བྱས་པ་	བྱས་པ་	VERB
འི་	གི་	PART
ལུང་	ལུང་	NOUN
དགག་པ་	དགག་པ་	VERB
ལ་	ལ་	PART
གཉིས་	གཉིས་	NUM
།		PUNCT
		
འདོད་པ་	འདོད་པ་	VERB
བརྗོད་པ་	བརྗོད་པ་	VERB
དང་	དང་	NO_POS
།		PUNCT
		
		
དེ་	སྟེ་	PART
དགག་པ་	དགག་པ་	VERB
འོ་	གོ་	PART
།།		PUNCT
		
གཉིས་པ་	གཉིས་པ་	NUM
དེ་	སྟེ་	PART
དགག་པ་	དགག་པ་	VERB
ལ་	ལ་	PART
གཉིས་	གཉིས་	NUM
།		PUNCT
		
རྟགས་	རྟགས་	NOUN
དེ་	དེ་	DET
འི་	གི་	PART
ཚུལ་	ཚུལ་	NOUN
གསུམ་	གསུམ་	NUM
མ་ཚང་	མ་ཚང་	NO_POS
བ་	བ་	ADP
དགག་	དགག་	VERB
		
		
ཕྱོགས་	ཕྱོགས་	NOUN
གཅིག་	གཅིག་	NUM
བདེན་པ་	བདེན་པ་	VERB
ས་	གིས་	PART
བདེན་པ་	བདེན་པ་	VERB
ར་	ལ་	PART
བསྒྲུབ་	བསྒྲུབ་	VERB
མི་	མི་	PART
ནུས་པ་	ནུས་པ་	VERB
འོ་	གོ་	PART
།།		PUNCT
		
དང་པོ་	དང་པོ་	ADJ
རྟགས་	རྟགས་	NOUN
དེ་	དེ་	DET
འི་	གི་	PART
ཚུལ་	ཚུལ་	NOUN
གསུམ་	གསུམ་	NUM
མ་ཚང་	མ་ཚང་	NO_POS
བ་	བ་	ADP
དགག་པ་	དགག་པ་	VERB
ལ་	ལ་	PART
གསུམ་	གསུམ་	NUM
།		PUNCT
		
རྟགས་	རྟགས་	NOUN
དེ་	སྟེ་	PART
ལ་	ལ་	PART
རྗེས་འགྲོ་	རྗེས་འགྲོ་	OTHER
མེད་པ་	མེད་པ་	VERB
ས་	གིས་	PART
མི་	མི་	PART
འཐད་	འཐད་	VERB
།		PUNCT
		
		
རྟགས་	རྟགས་	NOUN
དེ་	དེ་	DET
འི་	གི་	PART
ཕྱོགས་ཆོས་	ཕྱོགས་ཆོས་	NOUN
མི་	མི་	PART
འགྲུབ་པ་	འགྲུབ་པ་	VERB
ས་	གིས་	PART
མི་	མི་	PART
འཐད་	འཐད་	VERB
།		PUNCT
		
		
རྟགས་	རྟགས་	NOUN
དེ་	དེ་	DET
འི་	གི་	PART
ལྡོག་པ་	ལྡོག་པ་	VERB
ལ་	ལ་	PART
སྒྲུབ་བྱེད་	སྒྲུབ་བྱེད་	NOUN
མེད་པ་	མེད་པ་	VERB
ས་	གིས་	PART
མི་	མི་	PART
འཐད་པ་	འཐད་པ་	VERB
འོ་	གོ་	PART
།།		PUNCT
		
དང་པོ་	དང་པོ་	ADJ
རྟགས་	རྟགས་	NOUN
དེ་	སྟེ་	PART
ལ་	ལ་	PART
རྗེས་འགྲོ་	རྗེས་འགྲོ་	OTHER
མེད་པ་	མེད་པ་	VERB
ས་	གིས་	PART
མི་	མི་	PART
འཐད་པ་	འཐད་པ་	VERB
ལ་	ལ་	PART
གསུམ་	གསུམ་	NUM
།		PUNCT
		
མགོ་	མགོ་	NOUN
མཚུངས་	མཚུངས་	VERB
ཀྱིས་	གིས་	PART
དགག་	དགག་	VERB
		
		
རང་ལུགས་	རང་ལུགས་	NOUN
ཀྱི་	གི་	PART
སྒྲུབ་བྱེད་	སྒྲུབ་བྱེད་	NOUN
བཀོད་	བཀོད་	VERB
ན་	ནས་	PART
དགག་	དགག་	VERB
		
		
རྣམ་པ་	རྣམ་པ་	NOUN
ར་	ལ་	PART
བརྟགས་	བརྟགས་	VERB
ན་	ནས་	PART
དགག་པ་	དགག་པ་	VERB
འོ་	གོ་	PART
།།		PUNCT
		
གསུམ་པ་	གསུམ་པ་	NUM
རྣམ་པ་	རྣམ་པ་	NOUN
ར་	ལ་	PART
བརྟགས་	བརྟགས་	VERB
ཏེ་	སྟེ་	PART
དགག་པ་	དགག་པ་	VERB
ལ་	ལ་	PART
ལྔ་	ལྔ་	NUM
།		PUNCT
		
བརྡ་	བརྡ་	NOUN
འབྲེལ་	འབྲེལ་	VERB
སྐྱེས་བུ་	སྐྱེས་བུ་	NOUN
ས་	གིས་	PART
བྱ་	བྱ་	VERB
མ་	མ་	PART
བྱ་	བྱ་	VERB
ལ་	ལ་	PART
བརྟགས་	བརྟགས་	VERB
ན་	ནས་	PART
དགག་	དགག་	VERB
		
		
བརྗོད་བྱ་	བརྗོད་བྱ་	NOUN
གཅིག་	གཅིག་	NUM
དང་	དང་	NO_POS
འབྲེལ་ལམ་	འབྲེལ་ལམ་	NO_POS
དུ་མ་	དུ་མ་	ADJ
དང་	དང་	NO_POS
འབྲེལ་	འབྲེལ་	VERB
བརྟགས་	བརྟགས་	VERB
ན་	ནས་	PART
དགག་	དགག་	VERB
		
		
འབྲེལ་བ་	འབྲེལ་བ་	VERB
རྟག་	རྟག་	VERB
གམ་	གམ་	PART
མི་རྟག་	མི་རྟག་	OTHER
བརྟགས་	བརྟགས་	VERB
ན་	ནས་	PART
དགག་	དགག་	VERB
		
		
རྫས་གཅིག་	རྫས་གཅིག་	NO_POS
དང་	དང་	NO_POS
ཐ་དད་	ཐ་དད་	ADJ
བརྟགས་	བརྟགས་	VERB
ན་	ནས་	PART
དགག་	དགག་	VERB
		
		
ཡི་གེ་	ཡི་གེ་	NOUN
དང་	དང་	NO_POS
མིང་ཚིག་	མིང་ཚིག་	NOUN
གང་	གང་	NO_POS
གི་	གི་	PART
བརྗོད་བྱ་	བརྗོད་བྱ་	NOUN
འི་	གི་	PART
དོན་	དོན་	NOUN
དང་	དང་	NO_POS
འབྲེལ་བ་	འབྲེལ་བ་	VERB
བརྟགས་	བརྟགས་	VERB
ན་	ནས་	PART
དགག་པ་	དགག་པ་	VERB
འོ་	གོ་	PART
།།		PUNCT
		
གཉིས་པ་	གཉིས་པ་	NUM
རྟགས་	རྟགས་	NOUN
དེ་	དེ་	DET
འི་	གི་	PART
ཕྱོགས་ཆོས་	ཕྱོགས་ཆོས་	NOUN
མི་	མི་	PART
འགྲུབ་པ་	འགྲུབ་པ་	VERB
ས་	གིས་	PART
མི་	མི་	PART
འཐད་པ་	འཐད་པ་	VERB
ལ་	ལ་	PART
གཉིས་	གཉིས་	NUM
།		PUNCT
		
རིགས་	རིགས་	NOUN
བྱེད་	བྱེད་	VERB
མ་	མ་	PART
བྱས་པ་	བྱས་པ་	VERB
ར་	ལ་	PART
མི་	མི་	PART
འགྲུབ་པ་	འགྲུབ་པ་	VERB
།		PUNCT
		
		
རིགས་	རིགས་	NOUN
བྱེད་	བྱེད་	VERB
བདེན་པ་	བདེན་པ་	VERB
འི་	གི་	PART
དོན་	དོན་	NOUN
ཅན་	ཅན་	PART
དུ་	ལ་	PART
འགལ་བ་	འགལ་བ་	VERB
འོ་	གོ་	PART
།།		PUNCT
		
དང་པོ་	དང་པོ་	ADJ
རིགས་	རིགས་	NOUN
བྱེད་	བྱེད་	VERB
མ་	མ་	PART
བྱས་པ་	བྱས་པ་	VERB
ར་	ལ་	PART
མི་	མི་	PART
འགྲུབ་པ་	འགྲུབ་པ་	VERB
ལ་	ལ་	PART
གཉིས་	གཉིས་	NUM
།		PUNCT
		
རིགས་	རིགས་	NOUN
བྱེད་	བྱེད་	VERB
མ་	མ་	PART
བྱས་པ་	བྱས་པ་	VERB
འི་	གི་	PART
སྒྲུབ་བྱེད་	སྒྲུབ་བྱེད་	NOUN
དགག་	དགག་	VERB
		
		
བསྒྲུབ་བྱ་	བསྒྲུབ་བྱ་	VERB
མ་	མ་	PART
བྱས་པ་	བྱས་པ་	VERB
ཉིད་	ཉིད་	DET
དགག་པ་	དགག་པ་	VERB
འོ་	གོ་	PART
།།		PUNCT
		
དང་པོ་	དང་པོ་	ADJ
རིགས་	རིགས་	NOUN
བྱེད་	བྱེད་	VERB
མ་	མ་	PART
བྱས་པ་	བྱས་པ་	VERB
འི་	གི་	PART
སྒྲུབ་བྱེད་	སྒྲུབ་བྱེད་	NOUN
དགག་པ་	དགག་པ་	VERB
ལ་	ལ་	PART
གཉིས་	གཉིས་	NUM
།		PUNCT
		
སྒྲུབ་བྱེད་	སྒྲུབ་བྱེད་	NOUN
གཉིས་	གཉིས་	NUM
ཀྱིས་	གིས་	PART
མི་	མི་	PART
འགྲུབ་པ་	འགྲུབ་པ་	VERB
ར་	ལ་	PART
བསྟན་	བསྟན་	VERB
།		PUNCT
		
		
གྲུབ་	གྲུབ་	VERB
ན་	ན་	ADP
འང་	ཀྱང་	PART
ཡོན་ཏན་	ཡོན་ཏན་	NOUN
མེད་པ་	མེད་པ་	VERB
ར་	ལ་	PART
བསྟན་པ་	བསྟན་པ་	VERB
འོ་	གོ་	PART
།།		PUNCT
		
གཉིས་པ་	གཉིས་པ་	NUM
བསྒྲུབ་བྱ་	བསྒྲུབ་བྱ་	VERB
མ་	མ་	PART
བྱས་པ་	བྱས་པ་	VERB
ཉིད་	ཉིད་	DET
དགག་པ་	དགག་པ་	VERB
ལ་	ལ་	PART
ལྔ་	ལྔ་	NUM
།		PUNCT
		
ཡི་གེ་	ཡི་གེ་	NOUN
དང་	དང་	NO_POS
ངག་	ངག་	NOUN
སྐྱེས་བུ་	སྐྱེས་བུ་	NOUN
ས་	གིས་	PART
མ་	མ་	PART
བྱས་པ་	བྱས་པ་	VERB
དགག་	དགག་	VERB
		
		
ཡི་གེ་	ཡི་གེ་	NOUN
འི་	གི་	PART
གོ་རིམ་	གོ་རིམ་	NOUN
མ་	མ་	PART
བྱས་པ་	བྱས་པ་	VERB
དགག་	དགག་	VERB
		
		
རིགས་	རིགས་	NOUN
བྱེད་	བྱེད་	VERB
རྟག་པ་	རྟག་པ་	VERB
འི་	གི་	PART
སྒྲུབ་བྱེད་	སྒྲུབ་བྱེད་	NOUN
དགག་	དགག་	VERB
		
		
དེ་	སྟེ་	PART
རྣམས་	རྣམས་	DET
ཀྱི་	གི་	PART
དོན་	དོན་	NOUN
བསྡུ་བ་	བསྡུ་བ་	VERB
།		PUNCT
		
		
མི་རྟག་པ་	མི་རྟག་པ་	OTHER
འི་	གི་	PART
སྒྲུབ་བྱེད་	སྒྲུབ་བྱེད་	NOUN
བཤད་པ་	བཤད་པ་	VERB
འོ་	གོ་	PART
།།		PUNCT
		
དང་པོ་	དང་པོ་	ADJ
ཡི་གེ་	ཡི་གེ་	NOUN
དང་	དང་	NO_POS
ངག་	ངག་	NOUN
སྐྱེས་བུ་	སྐྱེས་བུ་	NOUN
ས་	གིས་	PART
མ་	མ་	PART
བྱས་པ་	བྱས་པ་	VERB
དགག་པ་	དགག་པ་	VERB
ལ་	ལ་	PART
གཉིས་	གཉིས་	NUM
།		PUNCT
		
ཡི་གེ་	ཡི་གེ་	NOUN
མ་	མ་	PART
བྱས་པ་	བྱས་པ་	VERB
དགག་	དགག་	VERB
		
		
ངག་མ་	ངག་མ་	NO_POS
བྱས་པ་	བྱས་པ་	VERB
དགག་པ་	དགག་པ་	VERB
འོ་	གོ་	PART
།།		PUNCT
		
གཉིས་པ་	གཉིས་པ་	NUM
ངག་མ་	ངག་མ་	NO_POS
བྱས་པ་	བྱས་པ་	VERB
དགག་པ་	དགག་པ་	VERB
ལ་	ལ་	PART
གཉིས་	གཉིས་	NUM
།		PUNCT
		
མ་	མ་	PART
དམིགས་པ་	དམིགས་པ་	VERB
ས་	གིས་	PART
དགག་	དགག་	VERB
		
		
རྣམ་པ་	རྣམ་པ་	NOUN
ར་	ལ་	PART
བརྟགས་	བརྟགས་	VERB
ན་	ནས་	PART
དགག་པ་	དགག་པ་	VERB
འོ་	གོ་	PART
།།		PUNCT
		
གཉིས་པ་	གཉིས་པ་	NUM
རྣམ་པ་	རྣམ་པ་	NOUN
ར་	ལ་	PART
བརྟགས་	བརྟགས་	VERB
ན་	ནས་	PART
དགག་པ་	དགག་པ་	VERB
ལ་	ལ་	PART
གསུམ་	གསུམ་	NUM
།		PUNCT
		
ཆ་ཤས་	ཆ་ཤས་	NOUN
ཡོད་མེད་	ཡོད་མེད་	ADJ
ལ་	ལ་	PART
བརྟགས་	བརྟགས་	VERB
ན་	ནས་	PART
དགག་	དགག་	VERB
		
		
རྟག་	རྟག་	VERB
མི་རྟག་	མི་རྟག་	OTHER
ལ་	ལ་	PART
བརྟགས་	བརྟགས་	VERB
ན་	ནས་	PART
དགག་	དགག་	VERB
		
		
ཁྱབ་	ཁྱབ་	VERB
མ་	མ་	PART
ཁྱབ་	ཁྱབ་	VERB
ལ་	ལ་	PART
བརྟགས་	བརྟགས་	VERB
ན་	ནས་	PART
དགག་པ་	དགག་པ་	VERB
འོ་	གོ་	PART
།།		PUNCT
		
གཉིས་པ་	གཉིས་པ་	NUM
ཡི་གེ་	ཡི་གེ་	NOUN
འི་	གི་	PART
གོ་རིམ་	གོ་རིམ་	NOUN
མ་	མ་	PART
བྱས་པ་	བྱས་པ་	VERB
དགག་པ་	དགག་པ་	VERB
ལ་	ལ་	PART
གཉིས་	གཉིས་	NUM
།		PUNCT
		
རྩོད་པ་	རྩོད་པ་	VERB
དང་	དང་	NO_POS
།		PUNCT
		
		
ལན་	ལན་	NOUN
ནོ་	གོ་	PART
།།		PUNCT
		
གཉིས་པ་	གཉིས་པ་	NUM
ལན་	ལན་	NOUN
ལ་	ལ་	PART
གཉིས་	གཉིས་	NUM
།		PUNCT
		
མདོ་	མདོ་	NOUN
ར་	ལ་	PART
བསྟན་པ་	བསྟན་པ་	VERB
།		PUNCT
		
		
རྒྱས་པ་	རྒྱས་པ་	VERB
ར་	ལ་	PART
བཤད་པ་	བཤད་པ་	VERB
འོ་	གོ་	PART
།།		PUNCT
		
གཉིས་པ་	གཉིས་པ་	NUM
རྒྱས་པ་	རྒྱས་པ་	VERB
ར་	ལ་	PART
བཤད་པ་	བཤད་པ་	VERB
ལ་	ལ་	PART
གཉིས་	གཉིས་	NUM
།		PUNCT
		
ཡུལ་དུས་	ཡུལ་དུས་	OTHER
ཀྱི་	གི་	PART
གོ་རིམ་	གོ་རིམ་	NOUN
མི་	མི་	PART
འཐད་	འཐད་	VERB
།		PUNCT
		
		
གསལ་བ་	གསལ་བ་	VERB
འི་	གི་	PART
རིམ་པ་	རིམ་པ་	NOUN
མི་	མི་	PART
འཐད་པ་	འཐད་པ་	VERB
འོ་	གོ་	PART
།།		PUNCT
		
ལྔ་པ་	ལྔ་པ་	NUM
མི་རྟག་པ་	མི་རྟག་པ་	OTHER
འི་	གི་	PART
སྒྲུབ་བྱེད་	སྒྲུབ་བྱེད་	NOUN
བཤད་པ་	བཤད་པ་	VERB
ལ་	ལ་	PART
གཉིས་	གཉིས་	NUM
།		PUNCT
		
རྟགས་	རྟགས་	NOUN
དགོད་པ་	དགོད་པ་	VERB
།		PUNCT
		
		
ཁྱབ་པ་	ཁྱབ་པ་	VERB
བསྒྲུབ་པ་	བསྒྲུབ་པ་	VERB
འོ་	གོ་	PART
།།		PUNCT
		
གཉིས་པ་	གཉིས་པ་	NUM
ཁྱབ་པ་	ཁྱབ་པ་	VERB
བསྒྲུབ་པ་	བསྒྲུབ་པ་	VERB
ལ་	ལ་	PART
གཉིས་	གཉིས་	NUM
།		PUNCT
		
བལྟོས་	བལྟོས་	NO_POS
མེད་	མེད་	VERB
ཀྱི་	གི་	PART
རྗེས་འགྲོ་	རྗེས་འགྲོ་	OTHER
བསྒྲུབ་	བསྒྲུབ་	VERB
།		PUNCT
		
		
གནོད་པ་	གནོད་པ་	VERB
ཅན་	ཅན་	PART
གྱི་	གི་	PART
ལྡོག་པ་	ལྡོག་པ་	VERB
བསྒྲུབ་པ་	བསྒྲུབ་པ་	VERB
འོ་	གོ་	PART
།།		PUNCT
		
དང་པོ་	དང་པོ་	ADJ
བལྟོས་	བལྟོས་	NO_POS
མེད་	མེད་	VERB
ཀྱི་	གི་	PART
རྗེས་འགྲོ་	རྗེས་འགྲོ་	OTHER
བསྒྲུབ་པ་	བསྒྲུབ་པ་	VERB
ལ་	ལ་	PART
གཉིས་	གཉིས་	NUM
།		PUNCT
		
རྩོད་པ་	རྩོད་པ་	VERB
དང་	དང་	NO_POS
།		PUNCT
		
		
ལན་	ལན་	NOUN
ནོ་	གོ་	PART
།།		PUNCT
		
གཉིས་པ་	གཉིས་པ་	NUM
ལན་	ལན་	NOUN
ལ་	ལ་	PART
གཉིས་	གཉིས་	NUM
།		PUNCT
		
འཇིག་པ་	འཇིག་པ་	VERB
རྒྱུ་	རྒྱུ་	NOUN
གཞན་	གཞན་	DET
ལ་	ལ་	PART
བལྟོས་པ་	བལྟོས་པ་	VERB
མི་	མི་	PART
འཐད་	འཐད་	VERB
།		PUNCT
		
		
རྒྱུ་	རྒྱུ་	NOUN
དོན་གཞན་	དོན་གཞན་	NO_POS
མེད་པ་	མེད་པ་	VERB
ལ་	ལ་	PART
གནོད་	གནོད་	VERB
བྱེད་	བྱེད་	VERB
མེད་པ་	མེད་པ་	VERB
འོ་	གོ་	PART
།།		PUNCT
		
གཉིས་པ་	གཉིས་པ་	NUM
རྒྱུ་	རྒྱུ་	NOUN
དོན་གཞན་	དོན་གཞན་	NO_POS
མེད་པ་	མེད་པ་	VERB
ལ་	ལ་	PART
གནོད་	གནོད་	VERB
བྱེད་	བྱེད་	VERB
མེད་པ་	མེད་པ་	VERB
ལ་	ལ་	PART
གཉིས་	གཉིས་	NUM
།		PUNCT
		
དངོས་འགལ་	དངོས་འགལ་	NO_POS
གཅིག་	གཅིག་	NUM
ཏུ་	ལ་	PART
ཐལ་བ་	ཐལ་བ་	NOUN
འི་	གི་	PART
གནོད་	གནོད་	VERB
བྱེད་	བྱེད་	VERB
མེད་	མེད་	VERB
།		PUNCT
		
		
གཅིག་	གཅིག་	NUM
དང་	དང་	NO_POS
ཐ་དད་	ཐ་དད་	ADJ
མཚུངས་པ་	མཚུངས་པ་	VERB
འི་	གི་	PART
གནོད་	གནོད་	VERB
བྱེད་	བྱེད་	VERB
མེད་པ་	མེད་པ་	VERB
འོ་	གོ་	PART
།།		PUNCT
		
གསུམ་པ་	གསུམ་པ་	NUM
རྟགས་	རྟགས་	NOUN
དེ་	དེ་	DET
འི་	གི་	PART
ལྡོག་པ་	ལྡོག་པ་	VERB
ལ་	ལ་	PART
སྒྲུབ་བྱེད་	སྒྲུབ་བྱེད་	NOUN
མེད་པ་	མེད་པ་	VERB
ས་	གིས་	PART
མི་	མི་	PART
འཐད་པ་	འཐད་པ་	VERB
ལ་	ལ་	PART
གཉིས་	གཉིས་	NUM
།		PUNCT
		
འདོད་པ་	འདོད་པ་	VERB
བརྗོད་	བརྗོད་	VERB
།		PUNCT
		
		
དེ་	སྟེ་	PART
དགག་པ་	དགག་པ་	VERB
འོ་	གོ་	PART
།།		PUNCT
		
གཉིས་པ་	གཉིས་པ་	NUM
དེ་	སྟེ་	PART
དགག་པ་	དགག་པ་	VERB
ལ་	ལ་	PART
གཉིས་	གཉིས་	NUM
།		PUNCT
		
རྟགས་	རྟགས་	NOUN
དེ་	སྟེ་	PART
མི་	མི་	PART
མཐུན་	མཐུན་	VERB
ཕྱོགས་	ཕྱོགས་	NOUN
ལས་ལོག་པ་	ལས་ལོག་པ་	NO_POS
མི་	མི་	PART
འགྲུབ་པ་	འགྲུབ་པ་	VERB
ར་	ལ་	PART
བསྟན་	བསྟན་	VERB
།		PUNCT
		
		
ལོག་	ལོག་	VERB
ཏུ་	ལ་	PART
ཆུག་	ཆུག་	VERB
ཀྱང་	ཀྱང་	PART
རྩ་བ་	རྩ་བ་	NOUN
འི་	གི་	PART
ཕྱོགས་ཆོས་	ཕྱོགས་ཆོས་	NOUN
མི་	མི་	PART
འགྲུབ་པ་	འགྲུབ་པ་	VERB
ར་	ལ་	PART
བསྟན་པ་	བསྟན་པ་	VERB
འོ་	གོ་	PART
།།		PUNCT
		
གཉིས་པ་	གཉིས་པ་	NUM
ལོག་	ལོག་	VERB
ཏུ་	ལ་	PART
ཆུག་	ཆུག་	VERB
ཀྱང་	ཀྱང་	PART
རྩ་བ་	རྩ་བ་	NOUN
འི་	གི་	PART
ཕྱོགས་ཆོས་	ཕྱོགས་ཆོས་	NOUN
མི་	མི་	PART
འགྲུབ་པ་	འགྲུབ་པ་	VERB
ར་	ལ་	PART
བསྟན་པ་	བསྟན་པ་	VERB
ལ་	ལ་	PART
བཞི་	བཞི་	NUM
།		PUNCT
		
སྔགས་སྐྱེས་	སྔགས་སྐྱེས་	NO_POS
བུ་	བུ་	VERB
བྱས་པ་	བྱས་པ་	VERB
ར་	ལ་	PART
བསྒྲུབ་	བསྒྲུབ་	VERB
།		PUNCT
		
		
སྔགས་	སྔགས་	NOUN
ཀྱི་	གི་	PART
གོ་རིམ་	གོ་རིམ་	NOUN
སྐྱེས་བུ་	སྐྱེས་བུ་	NOUN
ས་	གིས་	PART
བྱས་པ་	བྱས་པ་	VERB
ར་	ལ་	PART
བསྒྲུབ་	བསྒྲུབ་	VERB
།		PUNCT
		
		
བྱེད་པ་པོ་	བྱེད་པ་པོ་	NOUN
སྐྱེས་བུ་	སྐྱེས་བུ་	NOUN
ཁྱད་པར་ཅན་	ཁྱད་པར་ཅན་	ADJ
དུ་	ལ་	PART
གྲུབ་	གྲུབ་	VERB
།		PUNCT
		
		
དེ་	དེ་	DET
ས་	གིས་	PART
སྐྱེས་བུ་	སྐྱེས་བུ་	NOUN
ཁྱད་པར་ཅན་	ཁྱད་པར་ཅན་	ADJ
མི་	མི་	PART
སྲིད་པ་	སྲིད་པ་	VERB
འི་	གི་	PART
ལོག་རྟོག་	ལོག་རྟོག་	OTHER
ཁེགས་པ་	ཁེགས་པ་	NO_POS
འོ་	གོ་	PART
།།		PUNCT
		
དང་པོ་	དང་པོ་	ADJ
སྔགས་སྐྱེས་	སྔགས་སྐྱེས་	NO_POS
བུ་	བུ་	VERB
བྱས་པ་	བྱས་པ་	VERB
ར་	ལ་	PART
བསྒྲུབ་པ་	བསྒྲུབ་པ་	VERB
ལ་	ལ་	PART
གཉིས་	གཉིས་	NUM
།		PUNCT
		
བརྡ་	བརྡ་	NOUN
ལས་འབྲས་	ལས་འབྲས་	NOUN
བུ་	བུ་	NOUN
འབྱིན་པ་	འབྱིན་པ་	VERB
འི་	གི་	PART
ཚུལ་	ཚུལ་	NOUN
།		PUNCT
		
		
དངོས་པོ་	དངོས་པོ་	NOUN
འི་	གི་	PART
ནུས་པ་	ནུས་པ་	VERB
ས་	གིས་	PART
འབྲས་བུ་འབྱིན་པ་	འབྲས་བུ་འབྱིན་པ་	NO_POS
དགག་པ་	དགག་པ་	VERB
འོ་	གོ་	PART
།།		PUNCT
		
གཉིས་པ་	གཉིས་པ་	NUM
དངོས་པོ་	དངོས་པོ་	NOUN
འི་	གི་	PART
ནུས་པ་	ནུས་པ་	VERB
ས་	གིས་	PART
འབྲས་བུ་འབྱིན་པ་	འབྲས་བུ་འབྱིན་པ་	NO_POS
དགག་པ་	དགག་པ་	VERB
ལ་	ལ་	PART
གཉིས་	གཉིས་	NUM
།		PUNCT
		
ཡི་གེ་	ཡི་གེ་	NOUN
འི་	གི་	PART
རིམ་པ་	རིམ་པ་	NOUN
ལ་	ལ་	PART
མི་	མི་	PART
བལྟོས་པ་	བལྟོས་པ་	VERB
ར་	ལ་	PART
ཐལ་བ་	ཐལ་བ་	NOUN
།		PUNCT
		
		
སྐྱེས་བུ་	སྐྱེས་བུ་	NOUN
ཁྱད་པར་ཅན་	ཁྱད་པར་ཅན་	ADJ
ལ་	ལ་	PART
མི་	མི་	PART
བལྟོས་པ་	བལྟོས་པ་	VERB
ར་	ལ་	PART
ཐལ་བ་	ཐལ་བ་	NOUN
འོ་	གོ་	PART
།།		PUNCT
		
བཞི་པ་	བཞི་པ་	ADJ
དེ་	དེ་	DET
ས་	གིས་	PART
སྐྱེས་བུ་	སྐྱེས་བུ་	NOUN
ཁྱད་པར་ཅན་	ཁྱད་པར་ཅན་	ADJ
མི་	མི་	PART
སྲིད་པ་	སྲིད་པ་	VERB
འི་	གི་	PART
ལོག་རྟོག་	ལོག་རྟོག་	OTHER
ཁེགས་པ་	ཁེགས་པ་	NO_POS
ལ་	ལ་	PART
གཉིས་	གཉིས་	NUM
།		PUNCT
		
སྔ་	སྔ་	NOUN
བཤད་	བཤད་	VERB
ཀྱི་	གི་	PART
རིགས་པ་	རིགས་པ་	VERB
ས་	གིས་	PART
ཁེགས་པ་	ཁེགས་པ་	NO_POS
དང་	དང་	NO_POS
།		PUNCT
		
		
རིགས་པ་	རིགས་པ་	VERB
གཞན་	གཞན་	DET
གྱིས་	གིས་	PART
དགག་པ་	དགག་པ་	VERB
འོ་	གོ་	PART
།།		PUNCT
		
གཉིས་པ་	གཉིས་པ་	NUM
རིགས་པ་	རིགས་པ་	VERB
གཞན་	གཞན་	DET
གྱིས་	གིས་	PART
དགག་པ་	དགག་པ་	VERB
ལ་	ལ་	PART
གཉིས་	གཉིས་	NUM
།		PUNCT
		
རིགས་པ་	རིགས་པ་	VERB
དངོ་	དངོ་	NOUN
དང་	དང་	NO_POS
།		PUNCT
		
		
ཁ་	ཁ་	PRON
ས་	གིས་	PART
བླངས་	བླངས་	VERB
ནང་	ནང་	NOUN
འགལ་	འགལ་	VERB
བརྗོད་པ་	བརྗོད་པ་	VERB
འོ་	གོ་	PART
།།		PUNCT
		
གཉིས་པ་	གཉིས་པ་	NUM
ཁ་	ཁ་	PRON
ས་	གིས་	PART
བླངས་	བླངས་	VERB
ནང་	ནང་	NOUN
འགལ་	འགལ་	VERB
བརྗོད་པ་	བརྗོད་པ་	VERB
ལ་	ལ་	PART
གཉིས་	གཉིས་	NUM
།		PUNCT
		
སྐྱེས་བུ་	སྐྱེས་བུ་	NOUN
ཕུལ་བྱུང་	ཕུལ་བྱུང་	OTHER
མེད་	མེད་	VERB
ན་	ལ་	PART
རིགས་	རིགས་	NOUN
བྱེད་	བྱེད་	VERB
དོན་	དོན་	NOUN
ངེས་	ངེས་	VERB
སུ་	ལ་	PART
མི་	མི་	PART
འཐད་	འཐད་	VERB
།		PUNCT
		
		
རིགས་	རིགས་	NOUN
བྱེད་	བྱེད་	VERB
དོན་	དོན་	NOUN
ངེས་	ངེས་	VERB
སུ་	ལ་	PART
འཐད་པ་	འཐད་པ་	VERB
འི་	གི་	PART
སྒྲུབ་བྱེད་	སྒྲུབ་བྱེད་	NOUN
དགག་པ་	དགག་པ་	VERB
འོ་	གོ་	PART
།།		PUNCT
		
གཉིས་པ་	གཉིས་པ་	NUM
རིགས་	རིགས་	NOUN
བྱེད་	བྱེད་	VERB
དོན་	དོན་	NOUN
ངེས་	ངེས་	VERB
སུ་	ལ་	PART
འཐད་པ་	འཐད་པ་	VERB
འི་	གི་	PART
སྒྲུབ་བྱེད་	སྒྲུབ་བྱེད་	NOUN
དགག་པ་	དགག་པ་	VERB
ལ་	ལ་	PART
བཞི་	བཞི་	NUM
།		PUNCT
		
དོན་	དོན་	NOUN
ངེས་	ངེས་	VERB
ཚད་མ་	ཚད་མ་	NOUN
ས་	གིས་	PART
སྒྲུབ་པ་	སྒྲུབ་པ་	VERB
དགག་	དགག་	VERB
		
		
གྲགས་པ་	གྲགས་པ་	VERB
ས་	གིས་	PART
སྒྲུབ་པ་	སྒྲུབ་པ་	VERB
དགག་	དགག་	VERB
		
		
རིགས་	རིགས་	NOUN
བྱེད་	བྱེད་	VERB
རང་ཉིད་	རང་ཉིད་	OTHER
ཀྱིས་	གིས་	PART
སྨྲས་པ་	སྨྲས་པ་	VERB
དགག་	དགག་	VERB
		
		
རང་བཞིན་	རང་བཞིན་	NOUN
གྱིས་	གིས་	PART
ངེས་པ་	ངེས་པ་	VERB
དགག་པ་	དགག་པ་	VERB
འོ་	གོ་	PART
།།		PUNCT
		
གཉིས་པ་	གཉིས་པ་	NUM
ཕྱོགས་	ཕྱོགས་	NOUN
གཅིག་	གཅིག་	NUM
བདེན་པ་	བདེན་པ་	VERB
ས་	གིས་	PART
བདེན་པ་	བདེན་པ་	VERB
ར་	ལ་	PART
བསྒྲུབ་	བསྒྲུབ་	VERB
མི་	མི་	PART
ནུས་པ་	ནུས་པ་	VERB
ལ་	ལ་	PART
གཉིས་	གཉིས་	NUM
།		PUNCT
		
འདོད་པ་	འདོད་པ་	VERB
བརྗོད་	བརྗོད་	VERB
།		PUNCT
		
		
དེ་	སྟེ་	PART
དགག་པ་	དགག་པ་	VERB
འོ་	གོ་	PART
།།		PUNCT
		
གཉིས་པ་	གཉིས་པ་	NUM
དེ་	སྟེ་	PART
དགག་པ་	དགག་པ་	VERB
ལ་	ལ་	PART
གསུམ་	གསུམ་	NUM
།		PUNCT
		
སྒྲུབ་བྱེད་	སྒྲུབ་བྱེད་	NOUN
མ་	མ་	PART
ངེས་	ངེས་	VERB
།		PUNCT
		
		
བསྒྲུབ་བྱ་	བསྒྲུབ་བྱ་	VERB
མི་	མི་	PART
འགྲུབ་	འགྲུབ་	VERB
།		PUNCT
		
		
ཧ་ཅང་	ཧ་ཅང་	ADV
ཐལ་བ་	ཐལ་བ་	NOUN
འོ་	གོ་	PART
།།		PUNCT
		
གསུམ་པ་	གསུམ་པ་	NUM
དོན་	དོན་	NOUN
བསྡུ་བ་	བསྡུ་བ་	VERB
ལ་	ལ་	PART
གསུམ་	གསུམ་	NUM
།		PUNCT
		
ཚིག་དོན་	ཚིག་དོན་	NOUN
ལ་	ལ་	PART
འབྲེལ་བ་	འབྲེལ་བ་	VERB
མེད་པ་	མེད་པ་	VERB
།		PUNCT
		
		
ལུང་	ལུང་	NOUN
ལོག་	ལོག་	VERB
ཀྱང་	ཀྱང་	PART
དོན་	དོན་	NOUN
མི་	མི་	PART
ལྡོག་	ལྡོག་	VERB
		
		
མ་	མ་	PART
དམིགས་པ་	དམིགས་པ་	VERB
ས་	གིས་	PART
མེད་པ་	མེད་པ་	VERB
ར་	ལ་	PART
མི་	མི་	PART
འགྲུབ་པ་	འགྲུབ་པ་	VERB
འོ་	གོ་	PART
།།		PUNCT
		
ལེའུ་	ལེའུ་	NOUN
བཞི་པ་	བཞི་པ་	ADJ
།		PUNCT
གཞན་དོན་	གཞན་དོན་	NOUN
ལེའུ་	ལེའུ་	NOUN
འི་	གི་	PART
ས་བཅད་	ས་བཅད་	NOUN
།		PUNCT
གཞན་དོན་	གཞན་དོན་	NOUN
རྗེས་སུ་	རྗེས་སུ་	OTHER
དཔག་པ་	དཔག་པ་	VERB
འི་	གི་	PART
ལེའུ་	ལེའུ་	NOUN
བཤད་པ་	བཤད་པ་	VERB
ལ་	ལ་	PART
གསུམ་	གསུམ་	NUM
།		PUNCT
		
ལེའུ་	ལེའུ་	NOUN
སྔ་ཕྱི་	སྔ་ཕྱི་	ADJ
འི་	གི་	PART
འབྲེལ་	འབྲེལ་	VERB
།		PUNCT
		
		
ལེའུ་	ལེའུ་	NOUN
འི་	གི་	PART
གཞུང་དངོས་	གཞུང་དངོས་	OTHER
།		PUNCT
		
		
ལེའུ་	ལེའུ་	NOUN
འི་	གི་	PART
མཚན་	མཚན་	NOUN
བསྟན་པ་	བསྟན་པ་	VERB
ས་	གིས་	PART
དོན་	དོན་	NOUN
བསྡུ་བ་	བསྡུ་བ་	VERB
འོ་	གོ་	PART
།།		PUNCT
		
ལེའུ་	ལེའུ་	NOUN
གཞུང་	གཞུང་	NOUN
བཤད་པ་	བཤད་པ་	VERB
ལ་	ལ་	PART
གཉིས་	གཉིས་	NUM
།		PUNCT
		
རྗོད་	རྗོད་	VERB
བྱེད་	བྱེད་	VERB
བསྒྲུབ་པ་	བསྒྲུབ་པ་	VERB
འི་	གི་	PART
ངག་	ངག་	NOUN
གི་	གི་	PART
རྣམ་པ་	རྣམ་པ་	NOUN
ར་	ལ་	PART
བཞག་པ་	བཞག་པ་	VERB
དང་	དང་	NO_POS
།		PUNCT
		
		
བརྗོད་བྱ་	བརྗོད་བྱ་	NOUN
བསྒྲུབ་བྱ་	བསྒྲུབ་བྱ་	VERB
དང་	དང་	NO_POS
སྒྲུབ་བྱེད་	སྒྲུབ་བྱེད་	NOUN
ཀྱི་	གི་	PART
རྣམ་པ་	རྣམ་པ་	NOUN
ར་	ལ་	PART
བཞག་པ་	བཞག་པ་	VERB
འོ་	གོ་	PART
།།		PUNCT
		
དང་པོ་	དང་པོ་	ADJ
རྗོད་	རྗོད་	VERB
བྱེད་	བྱེད་	VERB
བསྒྲུབ་པ་	བསྒྲུབ་པ་	VERB
འི་	གི་	PART
ངག་	ངག་	NOUN
གི་	གི་	PART
རྣམ་པ་	རྣམ་པ་	NOUN
ར་	ལ་	PART
བཞག་པ་	བཞག་པ་	VERB
ལ་	ལ་	PART
གཉིས་	གཉིས་	NUM
།		PUNCT
		
སྤྱི་	སྤྱི་	DET
འི་	གི་	PART
དོན་	དོན་	NOUN
དང་	དང་	NO_POS
།		PUNCT
		
		
ཚིག་	ཚིག་	NOUN
གི་	གི་	PART
དོན་	དོན་	NOUN
ནོ་	གོ་	PART
།།		PUNCT
		
གཉིས་པ་	གཉིས་པ་	NUM
ཚིག་	ཚིག་	NOUN
གི་	གི་	PART
དོན་	དོན་	NOUN
ལ་	ལ་	PART
གསུམ་	གསུམ་	NUM
།		PUNCT
		
རང་	རང་	PRON
གི་	གི་	PART
མཐོང་བ་	མཐོང་བ་	VERB
སྨོས་པ་	སྨོས་པ་	VERB
འི་	གི་	PART
དགོས་པ་	དགོས་པ་	VERB
བཤད་	བཤད་	VERB
།		PUNCT
		
		
དོན་	དོན་	NOUN
སྨོས་པ་	སྨོས་པ་	VERB
འི་	གི་	PART
དགོས་པ་	དགོས་པ་	VERB
བཤད་	བཤད་	VERB
།		PUNCT
		
		
གཞན་ལུགས་	གཞན་ལུགས་	NO_POS
བཀག་པ་	བཀག་པ་	VERB
འི་	གི་	PART
སྒོ་	སྒོ་	NOUN
ན་	ནས་	PART
མཚན་གཞི་	མཚན་གཞི་	NOUN
ངོས་བཟུང་བ་	ངོས་བཟུང་བ་	NOUN
འོ་	གོ་	PART
།།		PUNCT
		
དང་པོ་	དང་པོ་	ADJ
རང་	རང་	PRON
གི་	གི་	PART
མཐོང་བ་	མཐོང་བ་	VERB
སྨོས་པ་	སྨོས་པ་	VERB
འི་	གི་	PART
དགོས་པ་	དགོས་པ་	VERB
བཤད་པ་	བཤད་པ་	VERB
ལ་	ལ་	PART
གསུམ་	གསུམ་	NUM
།		PUNCT
		
དགོས་པ་	དགོས་པ་	VERB
དངོ་	དངོ་	NOUN
།		PUNCT
		
		
ཕྱོགས་ཆོས་	ཕྱོགས་ཆོས་	NOUN
ཀྱི་	གི་	PART
སྒྲུབ་བྱེད་	སྒྲུབ་བྱེད་	NOUN
མི་	མི་	PART
འཐད་	འཐད་	VERB
།		PUNCT
		
		
བསྒྲུབ་པ་	བསྒྲུབ་པ་	VERB
འི་	གི་	PART
ཐལ་བ་	ཐལ་བ་	NOUN
ལ་	ལ་	PART
མཚུངས་པ་	མཚུངས་པ་	VERB
སྤང་བ་	སྤང་བ་	VERB
འོ་	གོ་	PART
།།		PUNCT
		
གཉིས་པ་	གཉིས་པ་	NUM
ཕྱོགས་ཆོས་	ཕྱོགས་ཆོས་	NOUN
ཀྱི་	གི་	PART
སྒྲུབ་བྱེད་	སྒྲུབ་བྱེད་	NOUN
མི་	མི་	PART
འཐད་པ་	འཐད་པ་	VERB
ལ་	ལ་	PART
དྲུག་	དྲུག་	NUM
		
སངས་རྒྱས་པ་	སངས་རྒྱས་པ་	NOUN
འི་	གི་	PART
ལུང་	ལུང་	NOUN
གིས་	གིས་	PART
མི་	མི་	PART
འགྲུབ་	འགྲུབ་	VERB
།		PUNCT
		
		
དེ་	དེ་	DET
འི་	གི་	PART
རྒྱུ་མཚན་	རྒྱུ་མཚན་	NOUN
།		PUNCT
		
		
རང་	རང་	PRON
གི་	གི་	PART
སྒྲུབ་བྱེད་	སྒྲུབ་བྱེད་	NOUN
འགོད་པ་	འགོད་པ་	VERB
ར་	ལ་	PART
རིགས་	རིགས་	NOUN
།		PUNCT
		
		
རྣལ་འབྱོར་	རྣལ་འབྱོར་	NOUN
མངོན་སུམ་	མངོན་སུམ་	NOUN
གྱི་	གི་	PART
གྲུབ་པ་	གྲུབ་པ་	VERB
དགག་	དགག་	VERB
		
		
སྐྱེས་བུ་	སྐྱེས་བུ་	NOUN
འི་	གི་	PART
འདོད་པ་	འདོད་པ་	VERB
རྟགས་	རྟགས་	NOUN
སུ་	ལ་	PART
འཇོག་	འཇོག་	VERB
ན་	ལ་	PART
ཧ་ཅང་	ཧ་ཅང་	ADV
ཐལ་བ་	ཐལ་བ་	NOUN
།		PUNCT
		
		
དེ་དག་	དེ་དག་	OTHER
གི་	གི་	PART
གྲུབ་པ་	གྲུབ་པ་	VERB
འི་	གི་	PART
དོན་	དོན་	NOUN
ནོ་	གོ་	PART
།།		PUNCT
		
གསུམ་པ་	གསུམ་པ་	NUM
གཞན་ལུགས་	གཞན་ལུགས་	NO_POS
བཀག་པ་	བཀག་པ་	VERB
འི་	གི་	PART
སྒོ་	སྒོ་	NOUN
ན་	ནས་	PART
མཚན་གཞི་	མཚན་གཞི་	NOUN
ངོ་	ངོ་	NOUN
གཟུང་བ་	གཟུང་བ་	VERB
ལ་	ལ་	PART
བཞི་	བཞི་	NUM
།		PUNCT
		
ཕྱོགས་	ཕྱོགས་	NOUN
དང་	དང་	NO_POS
རྟགས་	རྟགས་	NOUN
གཉིས་ཀ་	གཉིས་ཀ་	OTHER
འི་	གི་	PART
ཚིག་སྒྲུབ་	ཚིག་སྒྲུབ་	NO_POS
བྱེད་	བྱེད་	VERB
ཡིན་པ་	ཡིན་པ་	AUX
དགག་	དགག་	VERB
		
		
དེ་	སྟེ་	PART
ལ་	ལ་	PART
རྩོད་པ་	རྩོད་པ་	VERB
སྤང་	སྤང་	VERB
།		PUNCT
		
		
ཕྱོགས་	ཕྱོགས་	NOUN
ཚིག་སྒྲུབ་	ཚིག་སྒྲུབ་	NO_POS
བྱེད་	བྱེད་	VERB
ཡིན་	ཡིན་	NO_POS
ན་	ལ་	PART
ཧ་ཅང་	ཧ་ཅང་	ADV
ཐལ་	ཐལ་	VERB
།		PUNCT
		
		
ཕྱོགས་	ཕྱོགས་	NOUN
ཚིག་སྒྲུབ་	ཚིག་སྒྲུབ་	NO_POS
བྱེད་	བྱེད་	VERB
ཡིན་པ་	ཡིན་པ་	AUX
འི་	གི་	PART
རིགས་པ་	རིགས་པ་	VERB
གཞན་	གཞན་	DET
དགག་པ་	དགག་པ་	VERB
འོ་	གོ་	PART
།།		PUNCT
		
གཉིས་པ་	གཉིས་པ་	NUM
རྩོད་པ་	རྩོད་པ་	VERB
སྤང་བ་	སྤང་བ་	VERB
ལ་	ལ་	PART
བཞི་	བཞི་	NUM
།		PUNCT
		
སློབ་དཔོན་	སློབ་དཔོན་	NOUN
གྱི་	གི་	PART
ལུང་	ལུང་	NOUN
དང་	དང་	NO_POS
འགལ་བ་	འགལ་བ་	VERB
འི་	གི་	PART
རྩོད་པ་	རྩོད་པ་	VERB
སྤང་	སྤང་	VERB
།		PUNCT
		
		
ཕྱོགས་	ཕྱོགས་	NOUN
ཚིག་	ཚིག་	NOUN
ལ་	ལ་	ADP
འང་	ཀྱང་	PART
ནུས་པ་	ནུས་པ་	VERB
ཡོད་པ་	ཡོད་པ་	VERB
འི་	གི་	PART
སྒྲུབ་བྱེད་	སྒྲུབ་བྱེད་	NOUN
དགག་	དགག་	VERB
		
		
དེས་ན་	དེས་ན་	NO_POS
ཕྱོགས་	ཕྱོགས་	NOUN
ཚིག་	ཚིག་	NOUN
དགོས་པ་	དགོས་པ་	VERB
མེད་པ་	མེད་པ་	VERB
།		PUNCT
		
		
དེ་	སྟེ་	PART
ལ་	ལ་	ADP
འང་	ཀྱང་	PART
རྩོད་པ་	རྩོད་པ་	VERB
སྤང་བ་	སྤང་བ་	VERB
འོ་	གོ་	PART
།།		PUNCT
		
གཉིས་པ་	གཉིས་པ་	NUM
ངག་	ངག་	NOUN
གི་	གི་	PART
བརྗོད་བྱ་	བརྗོད་བྱ་	NOUN
བསྒྲུབ་བྱ་	བསྒྲུབ་བྱ་	VERB
དང་	དང་	NO_POS
སྒྲུབ་བྱེད་	སྒྲུབ་བྱེད་	NOUN
ཀྱི་	གི་	PART
རྣམ་པ་	རྣམ་པ་	NOUN
ར་	ལ་	PART
བཞག་པ་	བཞག་པ་	VERB
ལ་	ལ་	PART
གཉིས་	གཉིས་	NUM
།		PUNCT
		
ཤུགས་བསྟན་	ཤུགས་བསྟན་	NO_POS
བསྒྲུབ་བྱ་	བསྒྲུབ་བྱ་	VERB
འི་	གི་	PART
རང་བཞིན་	རང་བཞིན་	NOUN
།		PUNCT
		
		
དངོས་བསྟན་	དངོས་བསྟན་	NO_POS
སྒྲུབ་བྱེད་	སྒྲུབ་བྱེད་	NOUN
ཀྱི་	གི་	PART
རང་བཞིན་	རང་བཞིན་	NOUN
བཤད་པ་	བཤད་པ་	VERB
འོ་	གོ་	PART
།།		PUNCT
		
དང་པོ་	དང་པོ་	ADJ
ཤུགས་བསྟན་	ཤུགས་བསྟན་	NO_POS
བསྒྲུབ་བྱ་	བསྒྲུབ་བྱ་	VERB
འི་	གི་	PART
རང་བཞིན་	རང་བཞིན་	NOUN
ལ་	ལ་	PART
གསུམ་	གསུམ་	NUM
།		PUNCT
		
རང་ལུགས་	རང་ལུགས་	NOUN
ཀྱི་	གི་	PART
བསྒྲུབ་བྱ་	བསྒྲུབ་བྱ་	VERB
འི་	གི་	PART
རྣམ་གཞག་	རྣམ་གཞག་	NOUN
		
		
གཞན་ལུགས་	གཞན་ལུགས་	NO_POS
ཀྱི་	གི་	PART
བསྒྲུབ་བྱ་	བསྒྲུབ་བྱ་	VERB
འི་	གི་	PART
རྣམ་གཞག་	རྣམ་གཞག་	NOUN
		
		
དམ་བཅའ་	དམ་བཅའ་	NOUN
ལྟ་	ལྟ་	OTHER
སྣང་	སྣང་	VERB
གི་	གི་	PART
དཔེ་	དཔེ་	NOUN
དགག་པ་	དགག་པ་	VERB
འོ་	གོ་	PART
།།		PUNCT
		
དང་པོ་	དང་པོ་	ADJ
རང་ལུགས་	རང་ལུགས་	NOUN
ཀྱི་	གི་	PART
བསྒྲུབ་བྱ་	བསྒྲུབ་བྱ་	VERB
འི་	གི་	PART
རྣམ་གཞག་	རྣམ་གཞག་	NOUN
ལ་	ལ་	PART
གཉིས་	གཉིས་	NUM
།		PUNCT
		
བསྒྲུབ་བྱ་	བསྒྲུབ་བྱ་	VERB
འི་	གི་	PART
མཚན་ཉིད་	མཚན་ཉིད་	NOUN
སྤྱི་		
བསྟན་	བསྟན་	VERB
།		PUNCT
		
		
མ་	མ་	PART
གསལ་བ་	གསལ་བ་	VERB
བྱེ་བྲག་	བྱེ་བྲག་	NOUN
ཏུ་	ལ་	PART
བཤད་པ་	བཤད་པ་	VERB
འོ་	གོ་	PART
།།		PUNCT
		
དང་པོ་	དང་པོ་	ADJ
བསྒྲུབ་བྱ་	བསྒྲུབ་བྱ་	VERB
འི་	གི་	PART
མཚན་ཉིད་	མཚན་ཉིད་	NOUN
སྤྱི་		
བསྟན་པ་	བསྟན་པ་	VERB
ལ་	ལ་	PART
གཉིས་	གཉིས་	NUM
།		PUNCT
		
སྤྱི་	སྤྱི་	DET
འི་	གི་	PART
དོན་	དོན་	NOUN
དང་	དང་	NO_POS
།		PUNCT
		
		
ཚིག་	ཚིག་	NOUN
གི་	གི་	PART
དོན་	དོན་	NOUN
ནོ་	གོ་	PART
།།		PUNCT
		
གཉིས་པ་	གཉིས་པ་	NUM
ཚིག་	ཚིག་	NOUN
གི་	གི་	PART
དོན་	དོན་	NOUN
ལ་	ལ་	PART
གཉིས་	གཉིས་	NUM
།		PUNCT
		
དགོས་པ་	དགོས་པ་	VERB
བཤད་པ་	བཤད་པ་	VERB
འི་	གི་	PART
སྒོ་	སྒོ་	NOUN
ན་	ནས་	PART
མདོ་	མདོ་	NOUN
ར་	ལ་	PART
བསྟན་	བསྟན་	VERB
།		PUNCT
		
		
མཚན་ཉིད་	མཚན་ཉིད་	NOUN
ཀྱི་	གི་	PART
དོན་	དོན་	NOUN
རྒྱས་པ་	རྒྱས་པ་	VERB
ར་	ལ་	PART
བཤད་པ་	བཤད་པ་	VERB
འོ་	གོ་	PART
།།		PUNCT
		
གཉིས་པ་	གཉིས་པ་	NUM
མཚན་ཉིད་	མཚན་ཉིད་	NOUN
ཀྱི་	གི་	PART
དོན་	དོན་	NOUN
རྒྱས་པ་	རྒྱས་པ་	VERB
ར་	ལ་	PART
བཤད་པ་	བཤད་པ་	VERB
ལ་	ལ་	PART
གཉིས་	གཉིས་	NUM
།		PUNCT
		
འདོད་པ་	འདོད་པ་	VERB
རྒྱས་པ་	རྒྱས་པ་	VERB
ར་	ལ་	PART
བཤད་	བཤད་	VERB
།		PUNCT
		
		
རང་ཉིད་	རང་ཉིད་	OTHER
རྒྱས་པ་	རྒྱས་པ་	VERB
ར་	ལ་	PART
བཤད་པ་	བཤད་པ་	VERB
འོ་	གོ་	PART
།།		PUNCT
		
དང་པོ་	དང་པོ་	ADJ
འདོད་པ་	འདོད་པ་	VERB
རྒྱས་པ་	རྒྱས་པ་	VERB
ར་	ལ་	PART
བཤད་པ་	བཤད་པ་	VERB
ལ་	ལ་	PART
བཞི་	བཞི་	NUM
།		PUNCT
		
འདོད་པ་	འདོད་པ་	VERB
སྨོས་པ་	སྨོས་པ་	VERB
འི་	གི་	PART
དགོས་པ་	དགོས་པ་	VERB
།		PUNCT
		
		
དེ་ལྟ་	དེ་ལྟ་	NO_POS
མིན་	མིན་	AUX
ན་	ལ་	PART
ཧ་ཅང་	ཧ་ཅང་	ADV
ཐལ་བ་	ཐལ་བ་	NOUN
།		PUNCT
		
		
རིགས་ཅན་	རིགས་ཅན་	ADJ
གཞན་	གཞན་	DET
ཡང་	ཀྱང་	PART
ཁེགས་པ་	ཁེགས་པ་	NO_POS
།		PUNCT
		
		
རྩོད་པ་	རྩོད་པ་	VERB
སྤང་བ་	སྤང་བ་	VERB
འོ་	གོ་	PART
།།		PUNCT
		
དང་པོ་	དང་པོ་	ADJ
འདོད་པ་	འདོད་པ་	VERB
སྨོས་པ་	སྨོས་པ་	VERB
འི་	གི་	PART
དགོས་པ་	དགོས་པ་	VERB
ལ་	ལ་	PART
གསུམ་	གསུམ་	NUM
།		PUNCT
		
དགོས་པ་	དགོས་པ་	VERB
དངོ་	དངོ་	NOUN
།		PUNCT
		
		
དེ་	སྟེ་	PART
ལ་	ལ་	PART
རྩོད་པ་	རྩོད་པ་	VERB
སྤང་བ་	སྤང་བ་	VERB
།		PUNCT
		
		
བསྒྲུབ་བྱ་	བསྒྲུབ་བྱ་	VERB
ཡིན་པ་	ཡིན་པ་	AUX
འི་	གི་	PART
རྒྱུ་མཚན་	རྒྱུ་མཚན་	NOUN
བསྟན་པ་	བསྟན་པ་	VERB
འོ་	གོ་	PART
།།		PUNCT
		
བཞི་པ་	བཞི་པ་	ADJ
རྩོད་པ་	རྩོད་པ་	VERB
སྤང་བ་	སྤང་བ་	VERB
ལ་	ལ་	PART
གསུམ་	གསུམ་	NUM
།		PUNCT
		
འཇིག་པ་	འཇིག་པ་	VERB
ལ་	ལ་	PART
མཚུངས་པ་	མཚུངས་པ་	VERB
སྤང་	སྤང་	VERB
།		PUNCT
		
		
རྗེས་འགྲོ་	རྗེས་འགྲོ་	OTHER
མེད་པ་	མེད་པ་	VERB
སྤང་	སྤང་	VERB
།		PUNCT
		
		
འགལ་བ་	འགལ་བ་	VERB
ར་	ལ་	PART
ཐལ་བ་	ཐལ་བ་	NOUN
སྤང་བ་	སྤང་བ་	VERB
འོ་	གོ་	PART
།།		PUNCT
		
གཉིས་པ་	གཉིས་པ་	NUM
རང་ཉིད་	རང་ཉིད་	OTHER
རྒྱས་པ་	རྒྱས་པ་	VERB
ར་	ལ་	PART
བཤད་པ་	བཤད་པ་	VERB
ལ་	ལ་	PART
གཉིས་	གཉིས་	NUM
།		PUNCT
		
རང་ལུགས་	རང་ལུགས་	NOUN
བཞག་	བཞག་	VERB
		
		
གཞན་ལུགས་	གཞན་ལུགས་	NO_POS
དགག་པ་	དགག་པ་	VERB
འོ་	གོ་	PART
།།		PUNCT
		
དང་པོ་	དང་པོ་	ADJ
རང་ལུགས་	རང་ལུགས་	NOUN
བཞག་པ་	བཞག་པ་	VERB
ལ་	ལ་	PART
གཉིས་	གཉིས་	NUM
།		PUNCT
		
མདོ་	མདོ་	NOUN
ར་	ལ་	PART
བསྟན་པ་	བསྟན་པ་	VERB
།		PUNCT
		
		
རྒྱས་པ་	རྒྱས་པ་	VERB
ར་	ལ་	PART
བཤད་པ་	བཤད་པ་	VERB
འོ་	གོ་	PART
།།		PUNCT
		
གཉིས་པ་	གཉིས་པ་	NUM
རྒྱས་པ་	རྒྱས་པ་	VERB
ར་	ལ་	PART
བཤད་པ་	བཤད་པ་	VERB
ལ་	ལ་	PART
དྲུག་	དྲུག་	NUM
		
ལུང་	ལུང་	NOUN
ཁ་	ཁ་	PRON
ས་	གིས་	PART
བླངས་ཀྱང་	བླངས་ཀྱང་	NO_POS
ལུང་དོན་	ལུང་དོན་	OTHER
བསྒྲུབ་བྱ་	བསྒྲུབ་བྱ་	VERB
མ་	མ་	PART
ཡིན་	ཡིན་	NO_POS
།		PUNCT
		
		
ཆོས་ཅན་	ཆོས་ཅན་	NOUN
གྱི་	གི་	PART
ཆོ་	ཆོ་	NOUN
སོགས་	སོགས་	DET
ཡིན་	ཡིན་	NO_POS
ཀྱང་	ཀྱང་	PART
ལུང་དོན་	ལུང་དོན་	OTHER
བསྒྲུབ་བྱ་	བསྒྲུབ་བྱ་	VERB
མ་	མ་	PART
ཡིན་	ཡིན་	NO_POS
།		PUNCT
		
		
དངོ་	དངོ་	NOUN
སྟོབས་	སྟོབས་	NOUN
རྗེས་དཔག་	རྗེས་དཔག་	OTHER
གི་	གི་	PART
ཡུལ་	ཡུལ་	NOUN
ལ་ལུང་	ལ་ལུང་	NO_POS
གིས་	གིས་	PART
མི་	མི་	PART
གནོད་	གནོད་	VERB
།		PUNCT
		
		
ལུང་	ལུང་	NOUN
སྒྲུབ་བྱེད་	སྒྲུབ་བྱེད་	NOUN
དུ་	ལ་	PART
མི་	མི་	PART
འཐད་	འཐད་	VERB
།		PUNCT
		
		
ལུང་དོན་	ལུང་དོན་	OTHER
བཀག་པ་	བཀག་པ་	VERB
རྒོལ་བ་	རྒོལ་བ་	VERB
འི་	གི་	PART
ཉེས་པ་	ཉེས་པ་	VERB
ར་	ལ་	PART
མི་རིགས་	མི་རིགས་	NOUN
།		PUNCT
		
		
རྟགས་	རྟགས་	NOUN
ལ་ལུང་	ལ་ལུང་	NO_POS
གིས་	གིས་	PART
གནོད་	གནོད་	VERB
ན་	ལ་	PART
ཧ་ཅང་	ཧ་ཅང་	ADV
ཐལ་བ་	ཐལ་བ་	NOUN
འོ་	གོ་	PART
།།		PUNCT
		
གསུམ་པ་	གསུམ་པ་	NUM
དངོ་	དངོ་	NOUN
སྟོབས་	སྟོབས་	NOUN
ཀྱི་	གི་	PART
ཡུལ་	ཡུལ་	NOUN
ལ་ལུང་	ལ་ལུང་	NO_POS
གིས་	གིས་	PART
མི་	མི་	PART
གནོད་པ་	གནོད་པ་	VERB
ལ་	ལ་	PART
བཞི་	བཞི་	NUM
།		PUNCT
		
དངོ་	དངོ་	NOUN
།		PUNCT
		
		
རྩོད་པ་	རྩོད་པ་	VERB
སྤང་བ་	སྤང་བ་	VERB
།		PUNCT
		
		
ལུང་	ལུང་	NOUN
ཁས་ལེན་པ་	ཁས་ལེན་པ་	NOUN
འི་	གི་	PART
དུས་	དུས་	NOUN
།		PUNCT
		
		
དེ་	དེ་	DET
འི་	གི་	PART
རྒྱུ་མཚན་	རྒྱུ་མཚན་	NOUN
ནོ་	གོ་	PART
།།		PUNCT
		
བཞི་པ་	བཞི་པ་	ADJ
ལུང་	ལུང་	NOUN
སྒྲུབ་བྱེད་	སྒྲུབ་བྱེད་	NOUN
དུ་	ལ་	PART
མི་	མི་	PART
འཐད་པ་	འཐད་པ་	VERB
ལ་	ལ་	PART
གཉིས་	གཉིས་	NUM
།		PUNCT
		
ལུང་	ལུང་	NOUN
སྒྲུབ་བྱེད་	སྒྲུབ་བྱེད་	NOUN
མ་ཡིན་པ་	མ་ཡིན་པ་	OTHER
འི་	གི་	PART
རྒྱུ་མཚན་	རྒྱུ་མཚན་	NOUN
།		PUNCT
		
		
ཡིན་པ་	ཡིན་པ་	AUX
འི་	གི་	PART
སྒྲུབ་བྱེད་	སྒྲུབ་བྱེད་	NOUN
དགག་པ་	དགག་པ་	VERB
འོ་	གོ་	PART
།།		PUNCT
		
གཉིས་པ་	གཉིས་པ་	NUM
ཡིན་པ་	ཡིན་པ་	AUX
འི་	གི་	PART
སྒྲུབ་བྱེད་	སྒྲུབ་བྱེད་	NOUN
དགག་པ་	དགག་པ་	VERB
ལ་	ལ་	PART
གཉིས་	གཉིས་	NUM
།		PUNCT
		
འདོད་པ་	འདོད་པ་	VERB
བརྗོད་	བརྗོད་	VERB
།		PUNCT
		
		
དེ་	སྟེ་	PART
དགག་པ་	དགག་པ་	VERB
འོ་	གོ་	PART
།།		PUNCT
		
ལྔ་པ་	ལྔ་པ་	NUM
ལུང་དོན་	ལུང་དོན་	OTHER
བཀག་པ་	བཀག་པ་	VERB
རྒོལ་བ་	རྒོལ་བ་	VERB
འི་	གི་	PART
ཉེས་པ་	ཉེས་པ་	VERB
ར་	ལ་	PART
མི་རིགས་པ་	མི་རིགས་པ་	NOUN
ལ་	ལ་	PART
གཉིས་	གཉིས་	NUM
།		PUNCT
		
དགག་པ་	དགག་པ་	VERB
དངོ་	དངོ་	NOUN
།		PUNCT
		
		
རང་	རང་	PRON
ལ་	ལ་	PART
མཚུངས་པ་	མཚུངས་པ་	VERB
སྤང་བ་	སྤང་བ་	VERB
འོ་	གོ་	PART
།།		PUNCT
		
དྲུག་པ་	དྲུག་པ་	NUM
རྟགས་	རྟགས་	NOUN
ལ་ལུང་	ལ་ལུང་	NO_POS
གིས་	གིས་	PART
གནོད་	གནོད་	VERB
ན་	ལ་	PART
ཧ་ཅང་	ཧ་ཅང་	ADV
ཐལ་བ་	ཐལ་བ་	NOUN
ལ་	ལ་	PART
གསུམ་	གསུམ་	NUM
།		PUNCT
		
དངོ་	དངོ་	NOUN
།		PUNCT
		
		
འགལ་བ་	འགལ་བ་	VERB
ལ་	ལ་	PART
མི་	མི་	PART
འཁྲུལ་བ་	འཁྲུལ་བ་	VERB
སྤང་	སྤང་	VERB
།		PUNCT
		
		
དེ་	དེ་	DET
འི་	གི་	PART
ལན་	ལན་	NOUN
དགག་པ་	དགག་པ་	VERB
འོ་	གོ་	PART
།།		PUNCT
		
གཉིས་པ་	གཉིས་པ་	NUM
གཞན་ལུགས་	གཞན་ལུགས་	NO_POS
དགག་པ་	དགག་པ་	VERB
ལ་	ལ་	PART
གཉིས་	གཉིས་	NUM
།		PUNCT
		
འདོད་པ་	འདོད་པ་	VERB
བརྗོད་	བརྗོད་	VERB
།		PUNCT
		
		
དེ་	སྟེ་	PART
དགག་པ་	དགག་པ་	VERB
འོ་	གོ་	PART
།།		PUNCT
		
གཉིས་པ་	གཉིས་པ་	NUM
དེ་	སྟེ་	PART
དགག་པ་	དགག་པ་	VERB
ལ་	ལ་	PART
གསུམ་	གསུམ་	NUM
།		PUNCT
		
དཔེ་	དཔེ་	NOUN
རྟགས་མ་	རྟགས་མ་	NO_POS
གྲུབ་པ་	གྲུབ་པ་	VERB
དམ་བཅ་	དམ་བཅའ་	NOUN
ས་པ་	ས་པ་	PART
ར་	ལ་	PART
ཐལ་བ་	ཐལ་བ་	NOUN
།		PUNCT
		
		
རང་	རང་	PRON
སྒྲ་	སྒྲ་	NOUN
སྨོས་པ་	སྨོས་པ་	VERB
དོན་མེད་	དོན་མེད་	ADJ
དུ་ཐལ་བ་	དུ་ཐལ་བ་	NO_POS
།		PUNCT
		
		
དེ་	དེ་	DET
འི་	གི་	PART
ལན་	ལན་	NOUN
དགག་པ་	དགག་པ་	VERB
འོ་	གོ་	PART
།།		PUNCT
		
གསུམ་པ་	གསུམ་པ་	NUM
དེ་	དེ་	DET
འི་	གི་	PART
ལན་	ལན་	NOUN
དགག་པ་	དགག་པ་	VERB
ལ་	ལ་	PART
བཞི་	བཞི་	NUM
།		PUNCT
		
བསྟན་བཅོས་	བསྟན་བཅོས་	NOUN
ལ་	ལ་	PART
འདོད་པ་	འདོད་པ་	VERB
ཙམ་	ཙམ་	DET
གྱི་	གི་	PART
འཇུག་ལྡོག་	འཇུག་ལྡོག་	NO_POS
བྱེད་པ་	བྱེད་པ་	VERB
འི་	གི་	PART
དོན་	དོན་	NOUN
དུ་	ལ་	PART
རང་	རང་	PRON
སྒྲ་	སྒྲ་	NOUN
སྨོས་པ་	སྨོས་པ་	VERB
དགག་	དགག་	VERB
		
		
གྲགས་པ་	གྲགས་པ་	VERB
ཆོས་ཅན་	ཆོས་ཅན་	NOUN
དུ་	ལ་	PART
ཤེས་པ་	ཤེས་པ་	VERB
འི་	གི་	PART
དོན་	དོན་	NOUN
དུ་	ལ་	PART
རང་	རང་	PRON
སྒྲ་	སྒྲ་	NOUN
སྨོས་པ་	སྨོས་པ་	VERB
དགག་	དགག་	VERB
		
		
ཆོས་ཅན་	ཆོས་ཅན་	NOUN
བསྒྲུབ་བྱ་	བསྒྲུབ་བྱ་	VERB
མིན་པ་	མིན་པ་	VERB
ར་	ལ་	PART
ཤེས་པ་	ཤེས་པ་	VERB
འི་	གི་	PART
དོན་	དོན་	NOUN
དུ་	ལ་	PART
རང་	རང་	PRON
སྒྲ་	སྒྲ་	NOUN
སྨོས་པ་	སྨོས་པ་	VERB
དགག་	དགག་	VERB
		
		
དེ་དག་	དེ་དག་	OTHER
གི་	གི་	PART
དོན་	དོན་	NOUN
བསྡུ་བ་	བསྡུ་བ་	VERB
འོ་	གོ་	PART
།།		PUNCT
		
དང་པོ་	དང་པོ་	ADJ
བསྟན་བཅོས་	བསྟན་བཅོས་	NOUN
ལ་	ལ་	PART
འདོད་པ་	འདོད་པ་	VERB
ཙམ་	ཙམ་	DET
གྱི་	གི་	PART
འཇུག་ལྡོག་	འཇུག་ལྡོག་	NO_POS
བྱེད་པ་	བྱེད་པ་	VERB
འི་	གི་	PART
དོན་	དོན་	NOUN
དུ་	ལ་	PART
རང་	རང་	PRON
སྒྲ་	སྒྲ་	NOUN
སྨོས་པ་	སྨོས་པ་	VERB
དགག་པ་	དགག་པ་	VERB
ལ་	ལ་	PART
གསུམ་	གསུམ་	NUM
།		PUNCT
		
འདོད་པ་	འདོད་པ་	VERB
བརྗོད་	བརྗོད་	VERB
།		PUNCT
		
		
དེ་	སྟེ་	PART
དགག་	དགག་	VERB
		
		
རང་	རང་	PRON
སྒྲ་	སྒྲ་	NOUN
སྨོས་པ་	སྨོས་པ་	VERB
འི་	གི་	PART
དགོས་པ་	དགོས་པ་	VERB
བཤད་པ་	བཤད་པ་	VERB
འོ་	གོ་	PART
།།		PUNCT
		
གཉིས་པ་	གཉིས་པ་	NUM
གྲགས་པ་	གྲགས་པ་	VERB
ཆོས་ཅན་	ཆོས་ཅན་	NOUN
དུ་	ལ་	PART
ཤེས་པ་	ཤེས་པ་	VERB
འི་	གི་	PART
དོན་	དོན་	NOUN
དུ་	ལ་	PART
རང་	རང་	PRON
སྒྲ་	སྒྲ་	NOUN
སྨོས་པ་	སྨོས་པ་	VERB
དགག་པ་	དགག་པ་	VERB
ལ་	ལ་	PART
གཉིས་	གཉིས་	NUM
།		PUNCT
		
འདོད་པ་	འདོད་པ་	VERB
བརྗོད་	བརྗོད་	VERB
།		PUNCT
		
		
དེ་	སྟེ་	PART
དགག་པ་	དགག་པ་	VERB
འོ་	གོ་	PART
།།		PUNCT
		
གསུམ་པ་	གསུམ་པ་	NUM
ཆོས་ཅན་	ཆོས་ཅན་	NOUN
བསྒྲུབ་བྱ་	བསྒྲུབ་བྱ་	VERB
མ་ཡིན་པ་	མ་ཡིན་པ་	OTHER
ར་	ལ་	PART
ཤེས་པ་	ཤེས་པ་	VERB
འི་	གི་	PART
དོན་	དོན་	NOUN
དུ་	ལ་	PART
རང་	རང་	PRON
སྒྲ་	སྒྲ་	NOUN
སྨོས་པ་	སྨོས་པ་	VERB
དགག་པ་	དགག་པ་	VERB
ལ་	ལ་	PART
བཞི་	བཞི་	NUM
།		PUNCT
		
འདོད་པ་	འདོད་པ་	VERB
བརྗོད་	བརྗོད་	VERB
།		PUNCT
		
		
དེ་	སྟེ་	PART
དགག་	དགག་	VERB
		
		
དེ་	སྟེ་	PART
ཕྱོགས་	ཕྱོགས་	NOUN
སྐྱོན་	སྐྱོན་	NOUN
དུ་	ལ་	PART
མི་རིགས་	མི་རིགས་	NOUN
།		PUNCT
		
		
ངེས་གཟུང་	ངེས་གཟུང་	NO_POS
མི་	མི་	PART
དགོས་པ་	དགོས་པ་	VERB
ར་	ལ་	PART
སྤང་བ་	སྤང་བ་	VERB
འོ་	གོ་	PART
།།		PUNCT
		
གསུམ་པ་	གསུམ་པ་	NUM
དེ་	སྟེ་	PART
ཕྱོགས་	ཕྱོགས་	NOUN
སྐྱོན་	སྐྱོན་	NOUN
དུ་	ལ་	PART
མི་རིགས་པ་	མི་རིགས་པ་	NOUN
ལ་	ལ་	PART
གཉིས་	གཉིས་	NUM
།		PUNCT
		
མ་གྲུབ་པ་	མ་གྲུབ་པ་	NO_POS
འི་	གི་	PART
ཆོས་ཅན་	ཆོས་ཅན་	NOUN
རང་མཚན་	རང་མཚན་	NO_POS
བསྒྲུབ་བྱ་	བསྒྲུབ་བྱ་	VERB
ར་	ལ་	PART
བྱ་	བྱ་	VERB
ན་	ནས་	PART
བསྒྲུབ་པ་	བསྒྲུབ་པ་	VERB
ཕྱོགས་	ཕྱོགས་	NOUN
སྐྱོན་	སྐྱོན་	NOUN
མ་	མ་	PART
ཡིན་	ཡིན་	NO_POS
།		PUNCT
		
		
ཕྱོགས་	ཕྱོགས་	NOUN
ཀྱི་	གི་	PART
ཉེས་པ་	ཉེས་པ་	VERB
ངོས་བཟུང་	ངོས་བཟུང་	NOUN
ན་	ནས་	PART
དེ་	སྟེ་	PART
སེལ་བ་	སེལ་བ་	VERB
འི་	གི་	PART
ཚུལ་	ཚུལ་	NOUN
ལོ་	གོ་	PART
།།		PUNCT
		
དང་པོ་	དང་པོ་	ADJ
མ་གྲུབ་པ་	མ་གྲུབ་པ་	NO_POS
འི་	གི་	PART
ཆོས་ཅན་	ཆོས་ཅན་	NOUN
རང་མཚན་	རང་མཚན་	NO_POS
བསྒྲུབ་བྱ་	བསྒྲུབ་བྱ་	VERB
ར་	ལ་	PART
བྱ་	བྱ་	VERB
ན་	ནས་	PART
བསྒྲུབ་པ་	བསྒྲུབ་པ་	VERB
ཕྱོགས་	ཕྱོགས་	NOUN
སྐྱོན་	སྐྱོན་	NOUN
མ་ཡིན་པ་	མ་ཡིན་པ་	OTHER
ལ་	ལ་	PART
གཉིས་	གཉིས་	NUM
།		PUNCT
		
དྲི་བ་	དྲི་བ་	VERB
དང་	དང་	NO_POS
།		PUNCT
		
		
དེ་	སྟེ་	PART
དགག་པ་	དགག་པ་	VERB
འོ་	གོ་	PART
།།		PUNCT
		
གཉིས་པ་	གཉིས་པ་	NUM
ཕྱོགས་	ཕྱོགས་	NOUN
ཀྱི་	གི་	PART
ཉེས་པ་	ཉེས་པ་	VERB
ངོས་བཟུང་	ངོས་བཟུང་	NOUN
ན་	ནས་	PART
དེ་	སྟེ་	PART
སེལ་བ་	སེལ་བ་	VERB
འི་	གི་	PART
ཚུལ་	ཚུལ་	NOUN
ལ་	ལ་	PART
གཉིས་	གཉིས་	NUM
།		PUNCT
		
ཉེས་པ་	ཉེས་པ་	VERB
ངོ་	ངོ་	NOUN
གཟུང་	གཟུང་	VERB
།		PUNCT
		
		
དེ་	སྟེ་	PART
ཇི་ལྟ་		
སེལ་བ་	སེལ་བ་	VERB
འི་	གི་	PART
ཚུལ་	ཚུལ་	NOUN
ལོ་	གོ་	PART
།།		PUNCT
		
གཉིས་པ་	གཉིས་པ་	NUM
ཉེས་པ་	ཉེས་པ་	VERB
དེ་	སྟེ་	PART
སེལ་བ་	སེལ་བ་	VERB
འི་	གི་	PART
ཚུལ་	ཚུལ་	NOUN
ལ་	ལ་	PART
གཉིས་	གཉིས་	NUM
།		PUNCT
		
ཀུན་	ཀུན་	DET
ལ་	ལ་	ADP
ས་	གིས་	PART
བཏུས་	བཏུས་	NO_POS
སུ་	ལ་	PART
བཤད་པ་	བཤད་པ་	VERB
ས་	གིས་	PART
སེལ་བ་	སེལ་བ་	VERB
འི་	གི་	PART
ཚུལ་	ཚུལ་	NOUN
།		PUNCT
		
		
རིགས་པ་	རིགས་པ་	VERB
འི་	གི་	PART
སྒོ་	སྒོ་	NOUN
ལ་	ལ་	ADP
ས་	གིས་	PART
བཤད་པ་	བཤད་པ་	VERB
ས་	གིས་	PART
སེལ་བ་	སེལ་བ་	VERB
འི་	གི་	PART
ཚུལ་	ཚུལ་	NOUN
ལོ་	གོ་	PART
།།		PUNCT
		
དང་པོ་	དང་པོ་	ADJ
ཀུན་	ཀུན་	DET
ལ་	ལ་	ADP
ས་	གིས་	PART
བཏུས་	བཏུས་	NO_POS
སུ་	ལ་	PART
བཤད་པ་	བཤད་པ་	VERB
ས་	གིས་	PART
སེལ་བ་	སེལ་བ་	VERB
འི་	གི་	PART
ཚུལ་	ཚུལ་	NOUN
ལ་	ལ་	PART
གཉིས་	གཉིས་	NUM
།		PUNCT
		
སྤྱི་		
བཤད་པ་	བཤད་པ་	VERB
།		PUNCT
		
		
སོ་སོ་	སོ་སོ་	PRON
ར་	ལ་	PART
བཤད་པ་	བཤད་པ་	VERB
འོ་	གོ་	PART
།།		PUNCT
		
གཉིས་པ་	གཉིས་པ་	NUM
མ་	མ་	PART
བསལ་བ་	བསལ་བ་	VERB
བྱེ་བྲག་	བྱེ་བྲག་	NOUN
ཏུ་	ལ་	PART
བཤད་པ་	བཤད་པ་	VERB
ལ་	ལ་	PART
གཉིས་	གཉིས་	NUM
།		PUNCT
		
སེལ་	སེལ་	VERB
བྱེད་	བྱེད་	VERB
གང་	གང་	NO_POS
གིས་	གིས་	PART
མ་	མ་	PART
བསལ་བ་	བསལ་བ་	VERB
།		PUNCT
		
		
ཆོས་ཅན་	ཆོས་ཅན་	NOUN
གང་	གང་	NO_POS
ལ་མ་	ལ་མ་	NO_POS
བསལ་བ་	བསལ་བ་	VERB
འོ་	གོ་	PART
།།		PUNCT
		
དང་པོ་	དང་པོ་	ADJ
སེལ་	སེལ་	VERB
བྱེད་	བྱེད་	VERB
གང་	གང་	NO_POS
གིས་	གིས་	PART
མ་	མ་	PART
བསལ་བ་	བསལ་བ་	VERB
ལ་	ལ་	PART
གཉིས་	གཉིས་	NUM
།		PUNCT
		
མདོ་	མདོ་	NOUN
ར་	ལ་	PART
བསྟན་པ་	བསྟན་པ་	VERB
།		PUNCT
		
		
རྒྱས་པ་	རྒྱས་པ་	VERB
ར་	ལ་	PART
བཤད་པ་	བཤད་པ་	VERB
འོ་	གོ་	PART
།།		PUNCT
		
དང་པོ་	དང་པོ་	ADJ
མདོ་	མདོ་	NOUN
ར་	ལ་	PART
བསྟན་པ་	བསྟན་པ་	VERB
ལ་	ལ་	PART
གཉིས་	གཉིས་	NUM
།		PUNCT
		
སྤྱི་	སྤྱི་	DET
འི་	གི་	PART
དོན་	དོན་	NOUN
དང་	དང་	NO_POS
།		PUNCT
		
		
ཚིག་	ཚིག་	NOUN
གི་	གི་	PART
དོན་	དོན་	NOUN
ནོ་	གོ་	PART
།།		PUNCT
		
གཉིས་པ་	གཉིས་པ་	NUM
རྒྱས་པ་	རྒྱས་པ་	VERB
ར་	ལ་	PART
བཤད་པ་	བཤད་པ་	VERB
ལ་	ལ་	PART
གསུམ་	གསུམ་	NUM
།		PUNCT
		
ཡིད་ཆེས་པ་	ཡིད་ཆེས་པ་	NOUN
འི་	གི་	PART
བསལ་བ་	བསལ་བ་	VERB
རྒྱས་པ་	རྒྱས་པ་	VERB
ར་	ལ་	PART
བཤད་པ་	བཤད་པ་	VERB
།		PUNCT
		
		
གྲགས་པ་	གྲགས་པ་	VERB
འི་	གི་	PART
བསལ་བ་	བསལ་བ་	VERB
རྒྱས་པ་	རྒྱས་པ་	VERB
ར་	ལ་	PART
བཤད་པ་	བཤད་པ་	VERB
།		PUNCT
		
		
མངོན་སུམ་	མངོན་སུམ་	NOUN
གྱི་	གི་	PART
བསལ་བ་	བསལ་བ་	VERB
རྒྱས་པ་	རྒྱས་པ་	VERB
ར་	ལ་	PART
བཤད་པ་	བཤད་པ་	VERB
འོ་	གོ་	PART
།།		PUNCT
		
དང་པོ་	དང་པོ་	ADJ
ཡིད་ཆེས་པ་	ཡིད་ཆེས་པ་	NOUN
འི་	གི་	PART
བསལ་བ་	བསལ་བ་	VERB
རྒྱས་པ་	རྒྱས་པ་	VERB
ར་	ལ་	PART
བཤད་པ་	བཤད་པ་	VERB
ལ་	ལ་	PART
གཉིས་	གཉིས་	NUM
།		PUNCT
		
སྤྱི་	སྤྱི་	DET
འི་	གི་	PART
དོན་	དོན་	NOUN
དང་	དང་	NO_POS
།		PUNCT
		
		
ཚིག་	ཚིག་	NOUN
གི་	གི་	PART
དོན་	དོན་	NOUN
ནོ་	གོ་	PART
།།		PUNCT
		
གཉིས་པ་	གཉིས་པ་	NUM
ཚིག་	ཚིག་	NOUN
གི་	གི་	PART
དོན་	དོན་	NOUN
ལ་	ལ་	PART
བཞི་	བཞི་	NUM
།		PUNCT
		
ཀུན་	ཀུན་	DET
ལ་	ལ་	ADP
ས་	གིས་	PART
བཏུས་	བཏུས་	NO_POS
སུ་	ལ་	PART
ལུང་	ལུང་	NOUN
དང་	དང་	NO_POS
རང་ཚིག་	རང་ཚིག་	NO_POS
ལྷན་ཅིག་	ལྷན་ཅིག་	OTHER
ཏུ་	ལ་	PART
བཤད་པ་	བཤད་པ་	VERB
འི་	གི་	PART
ཚུལ་	ཚུལ་	NOUN
།		PUNCT
		
		
དེ་	དེ་	DET
འི་	གི་	PART
རྒྱུ་མཚན་	རྒྱུ་མཚན་	NOUN
།		PUNCT
		
		
དཔེ་	དཔེ་	NOUN
མཚུངས་པ་	མཚུངས་པ་	VERB
ར་	ལ་	PART
བསྟན་པ་	བསྟན་པ་	VERB
འི་	གི་	PART
རྒྱུ་	རྒྱུ་	NOUN
།		PUNCT
		
		
རྩོད་པ་	རྩོད་པ་	VERB
སྤང་བ་	སྤང་བ་	VERB
འོ་	གོ་	PART
།།		PUNCT
		
བཞི་པ་	བཞི་པ་	ADJ
རྩོད་པ་	རྩོད་པ་	VERB
སྤང་བ་	སྤང་བ་	VERB
ལ་	ལ་	PART
དྲུག་	དྲུག་	NUM
		
ཆོས་ཅན་	ཆོས་ཅན་	NOUN
ཚད་མ་	ཚད་མ་	NOUN
ས་	གིས་	PART
གྲུབ་པ་	གྲུབ་པ་	VERB
ལ་ལུང་	ལ་ལུང་	NO_POS
གནོད་	གནོད་	VERB
བྱེད་	བྱེད་	VERB
མ་	མ་	PART
ཡིན་	ཡིན་	NO_POS
།		PUNCT
		
		
ལུང་	ལུང་	NOUN
གིས་	གིས་	PART
གྲུབ་པ་	གྲུབ་པ་	VERB
ལ་	ལ་	PART
གནོད་	གནོད་	VERB
བྱེད་	བྱེད་	VERB
ཡིན་པ་	ཡིན་པ་	AUX
།		PUNCT
		
		
ཁ་	ཁ་	PRON
ས་	གིས་	PART
བླངས་	བླངས་	VERB
རྗེས་དཔག་	རྗེས་དཔག་	OTHER
གསུངས་པ་	གསུངས་པ་	VERB
འི་	གི་	PART
དགོས་པ་	དགོས་པ་	VERB
།		PUNCT
		
		
རིཌ་		NON_WORD
སྒོ་		
ལུང་	ལུང་	NOUN
དང་	དང་	NO_POS
རང་ཚིག་	རང་ཚིག་	NO_POS
དང་	དང་	NO_POS
འགལ་བ་	འགལ་བ་	VERB
འི་	གི་	PART
དཔེ་	དཔེ་	NOUN
ར་	ལ་	PART
བརྗོད་	བརྗོད་	VERB
ཐ་དད་	ཐ་དད་	ADJ
དུ་	ལ་	PART
གསུངས་པ་	གསུངས་པ་	VERB
འི་	གི་	PART
དགོས་པ་	དགོས་པ་	VERB
།		PUNCT
		
		
བསྟན་བཅོས་	བསྟན་བཅོས་	NOUN
ཡུལ་	ཡུལ་	NOUN
ཐམས་ཅད་	ཐམས་ཅད་	DET
ལ་	ལ་	PART
གནོད་	གནོད་	VERB
བྱེད་	བྱེད་	VERB
མ་	མ་	PART
ཡིན་	ཡིན་	NO_POS
།		PUNCT
		
		
དེ་	སྟེ་	PART
ལ་	ལ་	PART
རྩོད་པ་	རྩོད་པ་	VERB
སྤང་བ་	སྤང་བ་	VERB
འོ་	གོ་	PART
།།		PUNCT
		
དང་པོ་	དང་པོ་	ADJ
ཆོས་ཅན་	ཆོས་ཅན་	NOUN
ཚད་མ་	ཚད་མ་	NOUN
ས་	གིས་	PART
གྲུབ་པ་	གྲུབ་པ་	VERB
ལ་ལུང་	ལ་ལུང་	NO_POS
གནོད་	གནོད་	VERB
བྱེད་	བྱེད་	VERB
མ་ཡིན་པ་	མ་ཡིན་པ་	OTHER
ལ་	ལ་	PART
གཉིས་	གཉིས་	NUM
།		PUNCT
		
གེགས་བྱེད་	གེགས་བྱེད་	NO_POS
ཙམ་	ཙམ་	DET
དུ་	ལ་	PART
བསྟན་	བསྟན་	VERB
།		PUNCT
		
		
གནོད་	གནོད་	VERB
བྱེད་	བྱེད་	VERB
མ་ཡིན་པ་	མ་ཡིན་པ་	OTHER
འོ་	གོ་	PART
།།		PUNCT
		
ལྔ་པ་	ལྔ་པ་	NUM
བསྟན་བཅོས་	བསྟན་བཅོས་	NOUN
ཡུལ་	ཡུལ་	NOUN
ཐམས་ཅད་	ཐམས་ཅད་	DET
ལ་	ལ་	PART
གནོད་	གནོད་	VERB
སྒྲུབ་	སྒྲུབ་	VERB
ཏུ་	ལ་	PART
འཇུག་པ་	འཇུག་པ་	VERB
བཀག་པ་	བཀག་པ་	VERB
ལ་	ལ་	PART
གཉིས་	གཉིས་	NUM
།		PUNCT
		
དགག་པ་	དགག་པ་	VERB
དངོ་	དངོ་	NOUN
།		PUNCT
		
		
ལུང་	ལུང་	NOUN
གི་	གི་	PART
གནོད་	གནོད་	VERB
སྒྲུབ་	སྒྲུབ་	VERB
ཏུ་	ལ་	PART
འཇུག་པ་	འཇུག་པ་	VERB
དང་	དང་	NO_POS
མི་	མི་	PART
འཇུག་པ་	འཇུག་པ་	VERB
འི་	གི་	PART
ཁྱད་པར་	ཁྱད་པར་	NOUN
རོ་	རོ་	NOUN
།།		PUNCT
		
གཉིས་པ་	གཉིས་པ་	NUM
གྲགས་པ་	གྲགས་པ་	VERB
འི་	གི་	PART
བསལ་བ་	བསལ་བ་	VERB
རྒྱས་པ་	རྒྱས་པ་	VERB
ར་	ལ་	PART
བཤད་པ་	བཤད་པ་	VERB
ལ་	ལ་	PART
གཉིས་	གཉིས་	NUM
།		PUNCT
		
སྤྱི་	སྤྱི་	DET
འི་	གི་	PART
དོན་	དོན་	NOUN
དང་	དང་	NO_POS
།		PUNCT
		
		
ཚིག་	ཚིག་	NOUN
གི་	གི་	PART
དོན་	དོན་	NOUN
ནོ་	གོ་	PART
།།		PUNCT
		
གཉིས་པ་	གཉིས་པ་	NUM
ཚིག་	ཚིག་	NOUN
གི་	གི་	PART
དོན་	དོན་	NOUN
ལ་	ལ་	PART
གསུམ་	གསུམ་	NUM
།		PUNCT
		
མདོ་	མདོ་	NOUN
ར་	ལ་	PART
བསྟན་པ་	བསྟན་པ་	VERB
།		PUNCT
		
		
རྒྱས་པ་	རྒྱས་པ་	VERB
ར་	ལ་	PART
བཤད་པ་	བཤད་པ་	VERB
།		PUNCT
		
		
གྲགས་པ་	གྲགས་པ་	VERB
ལོགས་	ལོགས་	NOUN
སུ་	ལ་	PART
གསུངས་པ་	གསུངས་པ་	VERB
འི་	གི་	PART
དགོས་པ་	དགོས་པ་	VERB
བཤད་པ་	བཤད་པ་	VERB
འོ་	གོ་	PART
།།		PUNCT
		
གཉིས་པ་	གཉིས་པ་	NUM
རྒྱས་པ་	རྒྱས་པ་	VERB
ར་	ལ་	PART
བཤད་པ་	བཤད་པ་	VERB
ལ་	ལ་	PART
ལྔ་	ལྔ་	NUM
།		PUNCT
		
གྲགས་པ་	གྲགས་པ་	VERB
ཐམས་ཅད་	ཐམས་ཅད་	DET
ལ་	ལ་	PART
འཇུག་	འཇུག་	VERB
རུང་བ་	རུང་བ་	VERB
བསྟན་པ་	བསྟན་པ་	VERB
།		PUNCT
		
		
སྒྲ་	སྒྲ་	NOUN
ས་	གིས་	PART
བརྗོད་	བརྗོད་	VERB
མི་	མི་	PART
རུང་	རུང་	SCONJ
ལ་	ལ་	PART
གྲགས་པ་	གྲགས་པ་	VERB
ས་	གིས་	PART
གནོད་པ་	གནོད་པ་	VERB
ར་	ལ་	PART
བསྟན་པ་	བསྟན་པ་	VERB
།		PUNCT
		
		
དེ་མིན་	དེ་མིན་	OTHER
ན་	ལ་	PART
ཧ་ཅང་	ཧ་ཅང་	ADV
ཐལ་བ་	ཐལ་བ་	NOUN
།		PUNCT
		
		
དེ་ཉིད་	དེ་ཉིད་	NOUN
ལུང་	ལུང་	NOUN
དང་	དང་	NO_POS
སྦྱར་	སྦྱར་	VERB
ན་	ནས་	PART
བཤད་པ་	བཤད་པ་	VERB
།		PUNCT
		
		
ལུང་དོན་	ལུང་དོན་	OTHER
གཞན་	གཞན་	DET
དུ་	ལ་	PART
འཆད་པ་	འཆད་པ་	VERB
དགག་པ་	དགག་པ་	VERB
འོ་	གོ་	PART
།།		PUNCT
		
བཞི་པ་	བཞི་པ་	ADJ
དེ་ཉིད་	དེ་ཉིད་	NOUN
ལུང་	ལུང་	NOUN
དང་	དང་	NO_POS
སྦྱར་	སྦྱར་	VERB
ཏེ་	སྟེ་	PART
བཤད་པ་	བཤད་པ་	VERB
ལ་	ལ་	PART
བཤད་ཚུལ་	བཤད་ཚུལ་	VERB
གཉིས་	གཉིས་	NUM
ལ་	ལ་	ADP
ས་	གིས་	PART
།		PUNCT
དང་པོ་	དང་པོ་	ADJ
ལ་	ལ་	PART
གཉིས་	གཉིས་	NUM
།		PUNCT
		
གང་	གང་	NO_POS
ལ་	ལ་	PART
ཐུན་མོང་	ཐུན་མོང་	ADJ
མ་ཡིན་པ་	མ་ཡིན་པ་	OTHER
འི་	གི་	PART
ཕྱི་	ཕྱི་	OTHER
རྗེས་སུ་	རྗེས་སུ་	OTHER
དཔག་པ་	དཔག་པ་	VERB
མེད་	མེད་	VERB
ལ་	ལ་	PART
ཞེས་་	ཞེས་པ་	PART
འི་	གི་	PART
དོན་	དོན་	NOUN
བཤད་	བཤད་	VERB
།		PUNCT
		
		
སྒྲ་	སྒྲ་	NOUN
ལ་	ལ་	ADP
ས་	གིས་	PART
བྱུང་བ་	བྱུང་བ་	VERB
འི་	གི་	PART
གྲགས་པ་	གྲགས་པ་	VERB
དང་	དང་	NO_POS
འགལ་	འགལ་	VERB
ཅེས་པ་	ཅེས་པ་	PART
འི་	གི་	PART
དོན་	དོན་	NOUN
བཤད་པ་	བཤད་པ་	VERB
འོ་	གོ་	PART
།།		PUNCT
		
ལྔ་པ་	ལྔ་པ་	NUM
ལུང་དོན་	ལུང་དོན་	OTHER
གཞན་	གཞན་	DET
དུ་	ལ་	PART
འཆད་པ་	འཆད་པ་	VERB
དགག་པ་	དགག་པ་	VERB
ལ་	ལ་	PART
གསུམ་	གསུམ་	NUM
།		PUNCT
		
རིགས་སྒོ་	རིགས་སྒོ་	OTHER
འི་	གི་	PART
འགྲེལ་	འགྲེལ་	NOUN
བྱེད་	བྱེད་	VERB
ཁ་ཅིག་	ཁ་ཅིག་	PRON
གི་	གི་	PART
འདོད་པ་	འདོད་པ་	VERB
དགག་	དགག་	VERB
		
		
ཞ་	ཞ་	NOUN
ལ་	ལ་	PART
ཕྱི་རོལ་པ་	ཕྱི་རོལ་པ་	NOUN
འི་	གི་	PART
འདོད་པ་	འདོད་པ་	VERB
དགག་	དགག་	VERB
		
		
དོན་	དོན་	NOUN
བསྡུ་བ་	བསྡུ་བ་	VERB
འོ་	གོ་	PART
།།		PUNCT
		
དང་པོ་	དང་པོ་	ADJ
རིགས་སྒོ་	རིགས་སྒོ་	OTHER
འི་	གི་	PART
འགྲེལ་	འགྲེལ་	NOUN
བྱེད་	བྱེད་	VERB
ཁ་ཅིག་	ཁ་ཅིག་	PRON
གི་	གི་	PART
འདོད་པ་	འདོད་པ་	VERB
དགག་པ་	དགག་པ་	VERB
ལ་	ལ་	PART
གསུམ་	གསུམ་	NUM
།		PUNCT
		
ལུང་དོན་	ལུང་དོན་	OTHER
འཆད་	འཆད་	VERB
ཚུལ་	ཚུལ་	NOUN
མི་	མི་	PART
འཐད་	འཐད་	VERB
།		PUNCT
		
		
གྲགས་པ་	གྲགས་པ་	VERB
དངོས་པོ་	དངོས་པོ་	NOUN
འི་	གི་	PART
དབང་	དབང་	NOUN
གིས་	གིས་	PART
གྲུབ་པ་	གྲུབ་པ་	VERB
མི་	མི་	PART
འཐད་	འཐད་	VERB
།		PUNCT
		
		
གྲགས་པ་	གྲགས་པ་	VERB
ས་	གིས་	PART
དོན་	དོན་	NOUN
ཐམས་ཅད་	ཐམས་ཅད་	DET
ལ་	ལ་	PART
ཁྱབ་པ་	ཁྱབ་པ་	VERB
ར་	ལ་	PART
བསྟན་པ་	བསྟན་པ་	VERB
འོ་	གོ་	PART
།།		PUNCT
		
གསུམ་པ་	གསུམ་པ་	NUM
མངོན་སུམ་	མངོན་སུམ་	NOUN
གྱི་	གི་	PART
བསལ་བ་	བསལ་བ་	VERB
བཤད་པ་	བཤད་པ་	VERB
ལ་	ལ་	PART
གཉིས་	གཉིས་	NUM
།		PUNCT
		
སྤྱི་	སྤྱི་	DET
འི་	གི་	PART
དོན་	དོན་	NOUN
དང་	དང་	NO_POS
།		PUNCT
		
		
ཚིག་	ཚིག་	NOUN
གི་	གི་	PART
དོན་	དོན་	NOUN
ནོ་	གོ་	PART
།།		PUNCT
		
གཉིས་པ་	གཉིས་པ་	NUM
ཚིག་	ཚིག་	NOUN
གི་	གི་	PART
དོན་	དོན་	NOUN
ལ་	ལ་	PART
གསུམ་	གསུམ་	NUM
།		PUNCT
		
དོན་	དོན་	NOUN
སྨོས་པ་	སྨོས་པ་	VERB
འི་	གི་	PART
དགོས་པ་	དགོས་པ་	VERB
།		PUNCT
		
		
མཉན་	མཉན་	VERB
བྱ་	བྱ་	VERB
སྨོས་པ་	སྨོས་པ་	VERB
འི་	གི་	PART
དགོས་པ་	དགོས་པ་	VERB
།		PUNCT
		
		
རྩོད་པ་	རྩོད་པ་	VERB
སྤང་བ་	སྤང་བ་	VERB
འོ་	གོ་	PART
།།		PUNCT
		
གཉིས་པ་	གཉིས་པ་	NUM
ཆོས་ཅན་	ཆོས་ཅན་	NOUN
གང་	གང་	NO_POS
ལ་མ་	ལ་མ་	NO_POS
བསལ་བ་	བསལ་བ་	VERB
བཤད་པ་	བཤད་པ་	VERB
ལ་	ལ་	PART
གསུམ་	གསུམ་	NUM
།		PUNCT
		
རང་	རང་	PRON
རྟེན་	རྟེན་	NOUN
ལ་	ལ་	PART
སྨོས་པ་	སྨོས་པ་	VERB
འི་	གི་	PART
དགོས་པ་	དགོས་པ་	VERB
བཤད་པ་	བཤད་པ་	VERB
།		PUNCT
		
		
ཁྱད་པར་ཅན་	ཁྱད་པར་ཅན་	ADJ
མ་གྲུབ་པ་	མ་གྲུབ་པ་	NO_POS
ལ་སོགས་པ་	ལ་སོགས་པ་	NO_POS
ཕྱོགས་	ཕྱོགས་	NOUN
སྐྱོན་	སྐྱོན་	NOUN
མ་ཡིན་པ་	མ་ཡིན་པ་	OTHER
།		PUNCT
		
		
ཆོས་ཅན་	ཆོས་ཅན་	NOUN
གྱི་	གི་	PART
ངོ་བོ་	ངོ་བོ་	NOUN
འགོག་པ་	འགོག་པ་	VERB
ལ་སོགས་པ་	ལ་སོགས་པ་	NO_POS
འི་	གི་	PART
དཔེ་	དཔེ་	NOUN
མ་	མ་	PART
སྨོས་པ་	སྨོས་པ་	VERB
འི་	གི་	PART
རྒྱུ་མཚན་	རྒྱུ་མཚན་	NOUN
ནོ་	གོ་	PART
།།		PUNCT
		
དང་པོ་	དང་པོ་	ADJ
རང་	རང་	PRON
རྟེན་	རྟེན་	NOUN
ལ་	ལ་	PART
སྨོས་པ་	སྨོས་པ་	VERB
འི་	གི་	PART
དགོས་པ་	དགོས་པ་	VERB
བཤད་པ་	བཤད་པ་	VERB
ལ་	ལ་	PART
གསུམ་	གསུམ་	NUM
།		PUNCT
		
དགོས་པ་	དགོས་པ་	VERB
དངོ་	དངོ་	NOUN
།		PUNCT
		
		
རྩོད་པ་	རྩོད་པ་	VERB
སྤང་བ་	སྤང་བ་	VERB
།		PUNCT
		
		
དོན་	དོན་	NOUN
བསྡུ་བ་	བསྡུ་བ་	VERB
འོ་	གོ་	PART
།།		PUNCT
		
གཉིས་པ་	གཉིས་པ་	NUM
རྩོད་པ་	རྩོད་པ་	VERB
སྤང་བ་	སྤང་བ་	VERB
ལ་	ལ་	PART
གསུམ་	གསུམ་	NUM
།		PUNCT
		
འབྲེལ་	འབྲེལ་	VERB
མེད་	མེད་	VERB
ཀྱི་	གི་	PART
ཆོས་ཅན་	ཆོས་ཅན་	NOUN
འགོག་པ་	འགོག་པ་	VERB
དམ་བཅ་	དམ་བཅའ་	NOUN
འི་	གི་	PART
སྐྱོན་	སྐྱོན་	NOUN
དུ་	ལ་	PART
འདོད་པ་	འདོད་པ་	VERB
འི་	གི་	PART
དཔེ་	དཔེ་	NOUN
།		PUNCT
		
		
དེ་	སྟེ་	PART
སྐྱོན་	སྐྱོན་	NOUN
མིན་པ་	མིན་པ་	VERB
འི་	གི་	PART
རྒྱུ་མཚན་	རྒྱུ་མཚན་	NOUN
།		PUNCT
		
		
དེ་	དེ་	DET
འི་	གི་	PART
དཔེ་	དཔེ་	NOUN
གཞན་	གཞན་	DET
དགག་པ་	དགག་པ་	VERB
འོ་	གོ་	PART
།།		PUNCT
		
གསུམ་པ་	གསུམ་པ་	NUM
ཆོས་ཅན་	ཆོས་ཅན་	NOUN
གྱི་	གི་	PART
ངོ་བོ་	ངོ་བོ་	NOUN
འགོག་པ་	འགོག་པ་	VERB
ལ་སོགས་པ་	ལ་སོགས་པ་	NO_POS
འི་	གི་	PART
དཔེ་	དཔེ་	NOUN
ལོགས་	ལོགས་	NOUN
སུ་	ལ་	PART
མ་	མ་	PART
སྨོས་པ་	སྨོས་པ་	VERB
འི་	གི་	PART
རྒྱུ་མཚན་	རྒྱུ་མཚན་	NOUN
ལ་	ལ་	PART
གསུམ་	གསུམ་	NUM
།		PUNCT
		
རྒྱུ་མཚན་	རྒྱུ་མཚན་	NOUN
དངོ་	དངོ་	NOUN
།		PUNCT
		
		
ཆོ་	ཆོ་	NOUN
ཀྱི་	གི་	PART
ཁྱད་པར་	ཁྱད་པར་	NOUN
འགོག་པ་	འགོག་པ་	VERB
འི་	གི་	PART
དཔེ་	དཔེ་	NOUN
།		PUNCT
		
		
དེ་	དེ་	DET
ས་	གིས་	PART
ཆོས་ཅན་	ཆོས་ཅན་	NOUN
གྱི་	གི་	PART
ངོ་བོ་	ངོ་བོ་	NOUN
འགོག་པ་	འགོག་པ་	VERB
འང་	ཀྱང་	PART
རྟོགས་པ་	རྟོགས་པ་	VERB
ར་	ལ་	PART
ནུས་པ་	ནུས་པ་	VERB
འོ་	གོ་	PART
།།		PUNCT
		
གཉིས་པ་	གཉིས་པ་	NUM
ཆོ་	ཆོ་	NOUN
ཀྱི་	གི་	PART
ཁྱད་པར་	ཁྱད་པར་	NOUN
འགོག་པ་	འགོག་པ་	VERB
འི་	གི་	PART
དཔེ་	དཔེ་	NOUN
ལ་	ལ་	PART
གཉིས་	གཉིས་	NUM
།		PUNCT
		
དམ་བཅའ་	དམ་བཅའ་	NOUN
གསུམ་	གསུམ་	NUM
གྱི་	གི་	PART
ཞེན་དོན་	ཞེན་དོན་	NO_POS
ངོས་བཟུང་	ངོས་བཟུང་	NOUN
།		PUNCT
		
		
དེ་	སྟེ་	PART
ལ་ཚད་	ལ་ཚད་	NO_POS
མ་	མ་	OTHER
གནོད་པ་	གནོད་པ་	VERB
འི་	གི་	PART
ཚུལ་	ཚུལ་	NOUN
རྒྱས་པ་	རྒྱས་པ་	VERB
ར་	ལ་	PART
བཤད་པ་	བཤད་པ་	VERB
འོ་	གོ་	PART
།།		PUNCT
		
གཉིས་པ་	གཉིས་པ་	NUM
དེ་	སྟེ་	PART
ལ་ཚད་	ལ་ཚད་	NO_POS
མ་	མ་	OTHER
གནོད་པ་	གནོད་པ་	VERB
འི་	གི་	PART
ཚུལ་	ཚུལ་	NOUN
རྒྱས་པ་	རྒྱས་པ་	VERB
ར་	ལ་	PART
བཤད་པ་	བཤད་པ་	VERB
ལ་	ལ་	PART
གསུམ་	གསུམ་	NUM
།		PUNCT
		
ཡོན་ཏན་	ཡོན་ཏན་	NOUN
དོན་གཞན་	དོན་གཞན་	NO_POS
དགག་	དགག་	VERB
		
		
ཡོན་ཏན་	ཡོན་ཏན་	NOUN
ཐམས་ཅད་	ཐམས་ཅད་	DET
མི་	མི་	PART
རྟོགས་པ་	རྟོགས་པ་	VERB
ར་	ལ་	PART
བསྟན་	བསྟན་	VERB
།		PUNCT
		
		
དེ་	དེ་	DET
ས་	གིས་	PART
རིགས་ཅན་	རིགས་ཅན་	ADJ
གཞན་	གཞན་	DET
ཡང་	ཀྱང་	PART
ཁེགས་པ་	ཁེགས་པ་	NO_POS
ར་	ལ་	PART
བསྟན་པ་	བསྟན་པ་	VERB
འོ་	གོ་	PART
།།		PUNCT
		
དང་པོ་	དང་པོ་	ADJ
ཡོན་ཏན་	ཡོན་ཏན་	NOUN
དོན་གཞན་	དོན་གཞན་	NO_POS
དགག་པ་	དགག་པ་	VERB
ལ་	ལ་	PART
གཉིས་	གཉིས་	NUM
།		PUNCT
		
དགག་པ་	དགག་པ་	VERB
དངོ་	དངོ་	NOUN
།		PUNCT
		
		
དེ་	དེ་	DET
འི་	གི་	PART
ལན་	ལན་	NOUN
དགག་པ་	དགག་པ་	VERB
འོ་	གོ་	PART
།།		PUNCT
		
གཉིས་པ་	གཉིས་པ་	NUM
དེ་	དེ་	DET
འི་	གི་	PART
ལན་	ལན་	NOUN
དགག་པ་	དགག་པ་	VERB
ལ་	ལ་	PART
གཉིས་	གཉིས་	NUM
།		PUNCT
		
འདོད་པ་	འདོད་པ་	VERB
བརྗོད་	བརྗོད་	VERB
།		PUNCT
		
		
དེ་	སྟེ་	PART
དགག་པ་	དགག་པ་	VERB
འོ་	གོ་	PART
།།		PUNCT
		
གཉིས་པ་	གཉིས་པ་	NUM
གཞན་ལུགས་	གཞན་ལུགས་	NO_POS
ཀྱི་	གི་	PART
བསྒྲུབ་བྱ་	བསྒྲུབ་བྱ་	VERB
བཤད་པ་	བཤད་པ་	VERB
ལ་	ལ་	PART
གསུམ་	གསུམ་	NUM
།		PUNCT
		
གཞན་ལུགས་	གཞན་ལུགས་	NO_POS
ཀྱི་	གི་	PART
མཚན་ཉིད་	མཚན་ཉིད་	NOUN
དགག་	དགག་	VERB
		
		
མཚན་གཞི་	མཚན་གཞི་	NOUN
དགག་	དགག་	VERB
		
		
ཉེ་	ཉེ་	VERB
ས་	གིས་	PART
སྤོང་	སྤོང་	VERB
གི་	གི་	PART
ལན་	ལན་	NOUN
དགག་པ་	དགག་པ་	VERB
འོ་	གོ་	PART
།།		PUNCT
		
གཉིས་པ་	གཉིས་པ་	NUM
མཚན་གཞི་	མཚན་གཞི་	NOUN
དགག་པ་	དགག་པ་	VERB
ལ་	ལ་	PART
གསུམ་	གསུམ་	NUM
།		PUNCT
		
མདོ་	མདོ་	NOUN
འི་	གི་	PART
འགྲེལ་པ་	འགྲེལ་པ་	NOUN
ས་	གིས་	PART
ཁ་	ཁ་	PRON
བསྐང་	བསྐང་	NO_POS
སྟེ་	སྟེ་	PART
སྐྱོན་བརྗོད་པ་	སྐྱོན་བརྗོད་པ་	OTHER
འི་	གི་	PART
ཚུལ་	ཚུལ་	NOUN
།		PUNCT
		
		
རྩ་བ་	རྩ་བ་	NOUN
ས་	གིས་	PART
སྐྱོན་བརྗོད་པ་	སྐྱོན་བརྗོད་པ་	OTHER
འི་	གི་	PART
ཚུལ་	ཚུལ་	NOUN
།		PUNCT
		
		
རང་	རང་	PRON
ལ་	ལ་	PART
མཚུངས་པ་	མཚུངས་པ་	VERB
སྤང་བ་	སྤང་བ་	VERB
འོ་	གོ་	PART
།།		PUNCT
		
གསུམ་པ་	གསུམ་པ་	NUM
དམ་བཅའ་	དམ་བཅའ་	NOUN
ལྟ་	ལྟ་	OTHER
སྣང་	སྣང་	VERB
གི་	གི་	PART
དཔེ་	དཔེ་	NOUN
དགག་པ་	དགག་པ་	VERB
ལ་	ལ་	PART
གཉིས་	གཉིས་	NUM
།		PUNCT
		
འགལ་བ་	འགལ་བ་	VERB
འི་	གི་	PART
ཚུལ་	ཚུལ་	NOUN
ལ་	ལ་	PART
དཔྱད་	དཔྱད་	VERB
ན་	ནས་	PART
དགག་	དགག་	VERB
		
		
དཔེ་	དཔེ་	NOUN
ར་	ལ་	PART
བརྗོད་	བརྗོད་	VERB
ལ་	ལ་	PART
དཔྱད་	དཔྱད་	VERB
ན་	ནས་	PART
དགག་པ་	དགག་པ་	VERB
འོ་	གོ་	PART
།།		PUNCT
		
གཉིས་པ་	གཉིས་པ་	NUM
དཔེ་	དཔེ་	NOUN
ར་	ལ་	PART
བརྗོད་	བརྗོད་	VERB
ལ་	ལ་	PART
དཔྱད་	དཔྱད་	VERB
ན་	ནས་	PART
དགག་པ་	དགག་པ་	VERB
ལ་	ལ་	PART
གཉིས་	གཉིས་	NUM
།		PUNCT
		
རྟགས་	རྟགས་	NOUN
དང་	དང་	NO_POS
དམ་བཅའ་	དམ་བཅའ་	NOUN
མི་འགལ་བ་	མི་འགལ་བ་	NO_POS
།		PUNCT
		
		
སྦྱོར་བ་	སྦྱོར་བ་	VERB
དེ་	དེ་	DET
འི་	གི་	PART
གཏན་ཚིགས་	གཏན་ཚིགས་	NOUN
མ་གྲུབ་པ་	མ་གྲུབ་པ་	NO_POS
འོ་	གོ་	PART
།།		PUNCT
		
གཉིས་པ་	གཉིས་པ་	NUM
སྦྱོར་བ་	སྦྱོར་བ་	VERB
དེ་	དེ་	DET
འི་	གི་	PART
གཏན་ཚིགས་	གཏན་ཚིགས་	NOUN
མ་གྲུབ་པ་	མ་གྲུབ་པ་	NO_POS
ལ་	ལ་	PART
བཞི་	བཞི་	NUM
།		PUNCT
		
སྦྱོར་བ་	སྦྱོར་བ་	VERB
དེ་	དེ་	DET
འི་	གི་	PART
རྟགས་	རྟགས་	NOUN
ངོ་	ངོ་	NOUN
གཟུང་	གཟུང་	VERB
།		PUNCT
		
		
ཀུན་	ཀུན་	DET
ལ་	ལ་	PART
གྲགས་པ་	གྲགས་པ་	VERB
འི་	གི་	PART
ཐམས་ཅད་	ཐམས་ཅད་	DET
ལ་	ལ་	PART
གཞན་	གཞན་	DET
ཡིན་	ཡིན་	NO_POS
མ་	མ་	PART
གྲུབ་	གྲུབ་	VERB
།		PUNCT
		
		
ཉི་ཚེ་བ་	ཉི་ཚེ་བ་	OTHER
འི་	གི་	PART
ཐམས་ཅད་	ཐམས་ཅད་	DET
ལ་	ལ་	PART
གཞན་	གཞན་	DET
ཡིན་	ཡིན་	NO_POS
མ་	མ་	PART
གྲུབ་	གྲུབ་	VERB
།		PUNCT
		
		
རྩོད་པ་	རྩོད་པ་	VERB
སྤང་བ་	སྤང་བ་	VERB
འོ་	གོ་	PART
།།		PUNCT
		
བཞི་པ་	བཞི་པ་	ADJ
རྩོད་པ་	རྩོད་པ་	VERB
སྤང་བ་	སྤང་བ་	VERB
ལ་	ལ་	PART
དྲུག་	དྲུག་	NUM
		
ལྡོག་པ་	ལྡོག་པ་	VERB
ཐ་དད་པ་	ཐ་དད་པ་	ADJ
འི་	གི་	PART
ཁྱད་པར་	ཁྱད་པར་	NOUN
།		PUNCT
		
		
དེ་དོན་	དེ་དོན་	PRON
ལ་མ་	ལ་མ་	NO_POS
གྲུབ་པ་	གྲུབ་པ་	VERB
།		PUNCT
		
		
དེ་ཡང་	དེ་ཡང་	ADV
རྟོག་པ་	རྟོག་པ་	VERB
ས་	གིས་	PART
བཏགས་པ་	བཏགས་པ་	VERB
།		PUNCT
		
		
ཐ་སྙད་	ཐ་སྙད་	NOUN
ཀྱི་	གི་	PART
རྟེན་	རྟེན་	NOUN
དུ་	ལ་	PART
རུང་བ་	རུང་བ་	VERB
།		PUNCT
		
		
དེ་ཉིད་	དེ་ཉིད་	NOUN
འདི་	འདི་	DET
ར་	ལ་	PART
མ་གྲུབ་པ་	མ་གྲུབ་པ་	NO_POS
།		PUNCT
		
		
ལྡོག་པ་	ལྡོག་པ་	VERB
ཐ་དད་	ཐ་དད་	ADJ
རྟགས་	རྟགས་	NOUN
སུ་	ལ་	PART
རུང་བ་	རུང་བ་	VERB
འི་	གི་	PART
དཔེ་	དཔེ་	NOUN
འོ་	གོ་	PART
།།		PUNCT
		
གཉིས་པ་	གཉིས་པ་	NUM
དངོས་བསྟན་	དངོས་བསྟན་	NO_POS
སྒྲུབ་བྱེད་	སྒྲུབ་བྱེད་	NOUN
ཀྱི་	གི་	PART
རང་བཞིན་	རང་བཞིན་	NOUN
བཤད་པ་	བཤད་པ་	VERB
ལ་	ལ་	PART
གཉིས་	གཉིས་	NUM
།		PUNCT
		
ཕྱོགས་ཆོས་	ཕྱོགས་ཆོས་	NOUN
ཅན་	ཅན་	PART
གྱི་	གི་	PART
རབ་	རབ་	ADV
དབྱེ་	དབྱེ་	VERB
སྤྱི་		
བསྟན་པ་	བསྟན་པ་	VERB
།		PUNCT
		
		
དབྱེ་བ་	དབྱེ་བ་	VERB
སོ་སོ་	སོ་སོ་	PRON
འི་	གི་	PART
དཔེ་	དཔེ་	NOUN
ར་	ལ་	PART
བརྗོད་	བརྗོད་	VERB
བཤད་པ་	བཤད་པ་	VERB
འོ་	གོ་	PART
།།		PUNCT
		
དང་པོ་	དང་པོ་	ADJ
ཕྱོགས་ཆོས་	ཕྱོགས་ཆོས་	NOUN
ཅན་	ཅན་	PART
གྱི་	གི་	PART
རབ་	རབ་	ADV
དབྱེ་	དབྱེ་	VERB
སྤྱི་		
བསྟན་པ་	བསྟན་པ་	VERB
ལ་	ལ་	PART
གཉིས་	གཉིས་	NUM
།		PUNCT
		
གཏན་ཚིགས་	གཏན་ཚིགས་	NOUN
ཀྱི་	གི་	PART
རབ་	རབ་	ADV
དབྱེ་	དབྱེ་	VERB
སྔོན་	སྔོན་	ADV
དུ་	ལ་	PART
བསྟན་པ་	བསྟན་པ་	VERB
འི་	གི་	PART
དགོས་པ་	དགོས་པ་	VERB
བཤད་	བཤད་	VERB
།		PUNCT
		
		
དེ་	སྟེ་	PART
ལ་	ལ་	PART
རྩོད་པ་	རྩོད་པ་	VERB
སྤང་བ་	སྤང་བ་	VERB
འོ་	གོ་	PART
།།		PUNCT
		
གཉིས་པ་	གཉིས་པ་	NUM
རྩོད་པ་	རྩོད་པ་	VERB
སྤང་བ་	སྤང་བ་	VERB
ལ་	ལ་	PART
གཉིས་	གཉིས་	NUM
།		PUNCT
		
རྣམ་	རྣམ་	NOUN
གཅོད་	གཅོད་	NO_POS
ཀྱི་	གི་	PART
རྣམ་གཞག་	རྣམ་གཞག་	NOUN
སྤྱི་		
བསྟན་	བསྟན་	VERB
།		PUNCT
		
		
དེ་	སྟེ་	PART
དངོ་	དངོ་	NOUN
ལན་	ལན་	NOUN
ལ་	ལ་	PART
སྦྱར་བ་	སྦྱར་བ་	VERB
འོ་	གོ་	PART
།།		PUNCT
		
གཉིས་པ་	གཉིས་པ་	NUM
དབྱེ་བ་	དབྱེ་བ་	VERB
སོ་སོ་	སོ་སོ་	PRON
འི་	གི་	PART
དཔེ་	དཔེ་	NOUN
ར་	ལ་	PART
བརྗོད་	བརྗོད་	VERB
བཤད་པ་	བཤད་པ་	VERB
ལ་	ལ་	PART
གཉིས་	གཉིས་	NUM
།		PUNCT
		
རབ་	རབ་	ADV
དབྱེ་	དབྱེ་	VERB
སྨོས་པ་	སྨོས་པ་	VERB
འི་	གི་	PART
དགོས་པ་	དགོས་པ་	VERB
མདོ་	མདོ་	NOUN
ར་	ལ་	PART
བསྟན་	བསྟན་	VERB
།		PUNCT
		
		
དེ་ཉིད་	དེ་ཉིད་	NOUN
རྒྱས་པ་	རྒྱས་པ་	VERB
ར་	ལ་	PART
བཤད་པ་	བཤད་པ་	VERB
འོ་	གོ་	PART
།།		PUNCT
		
གཉིས་པ་	གཉིས་པ་	NUM
དེ་ཉིད་	དེ་ཉིད་	NOUN
རྒྱས་པ་	རྒྱས་པ་	VERB
ར་	ལ་	PART
བཤད་པ་	བཤད་པ་	VERB
ལ་	ལ་	PART
གསུམ་	གསུམ་	NUM
།		PUNCT
		
ཡང་དག་	ཡང་དག་	ADJ
གཉིས་	གཉིས་	NUM
སྨོས་པ་	སྨོས་པ་	VERB
འི་	གི་	PART
དགོས་པ་	དགོས་པ་	VERB
།		PUNCT
		
		
མཉན་	མཉན་	VERB
བྱ་	བྱ་	VERB
སྨོས་པ་	སྨོས་པ་	VERB
འི་	གི་	PART
དགོས་པ་	དགོས་པ་	VERB
།		PUNCT
		
		
མ་	མ་	PART
དམིགས་པ་	དམིགས་པ་	VERB
ལོགས་	ལོགས་	NOUN
སུ་	ལ་	PART
མི་	མི་	PART
སྟོན་པ་	སྟོན་པ་	NOUN
འི་	གི་	PART
རྒྱུ་མཚན་	རྒྱུ་མཚན་	NOUN
ནོ་	གོ་	PART
།།		PUNCT
		
དང་པོ་	དང་པོ་	ADJ
ཡང་དག་	ཡང་དག་	ADJ
གཉིས་	གཉིས་	NUM
སྨོས་པ་	སྨོས་པ་	VERB
འི་	གི་	PART
དགོས་པ་	དགོས་པ་	VERB
ལ་	ལ་	PART
བཞི་	བཞི་	NUM
།		PUNCT
		
འབྲས་བུ་	འབྲས་བུ་	NOUN
འི་	གི་	PART
རྟགས་	རྟགས་	NOUN
ཀྱིས་	གིས་	PART
མཐུན་	མཐུན་	VERB
ཕྱོགས་	ཕྱོགས་	NOUN
ལ་མ་	ལ་མ་	NO_POS
ཁྱབ་པ་	ཁྱབ་པ་	VERB
ར་	ལ་	PART
བསྟན་	བསྟན་	VERB
།		PUNCT
		
		
རྩོལ་བྱུང་	རྩོལ་བྱུང་	NO_POS
འབྲས་	འབྲས་	NOUN
རྟགས་	རྟགས་	NOUN
སུ་	ལ་	PART
བསྒྲུབ་	བསྒྲུབ་	VERB
།		PUNCT
		
		
བྱས་པ་	བྱས་པ་	VERB
སྨོས་	སྨོས་	VERB
མི་	མི་	PART
དགོས་པ་	དགོས་པ་	VERB
སྤང་	སྤང་	VERB
།		PUNCT
		
		
འབྲེལ་བ་	འབྲེལ་བ་	VERB
སྒྲུབ་བྱེད་	སྒྲུབ་བྱེད་	NOUN
ཀྱི་	གི་	PART
རྒྱུ་མཚན་	རྒྱུ་མཚན་	NOUN
དུ་	ལ་	PART
བསྟན་པ་	བསྟན་པ་	VERB
འོ་	གོ་	PART
།།		PUNCT
		
གཉིས་པ་	གཉིས་པ་	NUM
མཉན་	མཉན་	VERB
བྱ་	བྱ་	VERB
དང་	དང་	NO_POS
གཞལ་བྱ་	གཞལ་བྱ་	NOUN
སྨོས་པ་	སྨོས་པ་	VERB
འི་	གི་	PART
དགོས་པ་	དགོས་པ་	VERB
བཤད་པ་	བཤད་པ་	VERB
ལ་	ལ་	PART
གཉིས་	གཉིས་	NUM
།		PUNCT
		
མཉན་	མཉན་	VERB
བྱ་	བྱ་	VERB
སྨོས་པ་	སྨོས་པ་	VERB
འི་	གི་	PART
དགོས་པ་	དགོས་པ་	VERB
།		PUNCT
		
		
གཞལ་བྱ་	གཞལ་བྱ་	NOUN
སྨོས་པ་	སྨོས་པ་	VERB
འི་	གི་	PART
དགོས་པ་	དགོས་པ་	VERB
འོ་	གོ་	PART
།།		PUNCT
		
དང་པོ་	དང་པོ་	ADJ
མཉན་	མཉན་	VERB
བྱ་	བྱ་	VERB
སྨོས་པ་	སྨོས་པ་	VERB
འི་	གི་	PART
དགོས་པ་	དགོས་པ་	VERB
ལ་	ལ་	PART
བདུན་	བདུན་	NUM
།		PUNCT
		
ཁྱད་པར་	ཁྱད་པར་	NOUN
ལྡོག་པ་	ལྡོག་པ་	VERB
ཅན་	ཅན་	PART
དུ་	ལ་	PART
མི་	མི་	PART
འཐད་	འཐད་	VERB
།		PUNCT
		
		
དེ་	སྟེ་	PART
ལ་	ལ་	PART
རྩོད་པ་	རྩོད་པ་	VERB
སྤང་	སྤང་	VERB
།		PUNCT
		
		
བཟློག་	བཟློག་	VERB
ཁྱབ་	ཁྱབ་	VERB
མ་གྲུབ་པ་	མ་གྲུབ་པ་	NO_POS
ས་	གིས་	PART
ལྡོག་ཁྱབ་	ལྡོག་ཁྱབ་	NO_POS
བསྒྲུབ་པ་	བསྒྲུབ་པ་	VERB
ར་	ལ་	PART
མི་	མི་	PART
འཐད་	འཐད་	VERB
།		PUNCT
		
		
བུམ་	བུམ་	NOUN
སོགས་	སོགས་	DET
བདག་མེད་	བདག་མེད་	ADJ
དུ་	ལ་	PART
མི་	མི་	PART
འགྲུབ་པ་	འགྲུབ་པ་	VERB
།		PUNCT
		
		
སྲོག་	སྲོག་	NOUN
སོགས་	སོགས་	DET
བདག་	བདག་	PRON
གི་	གི་	PART
འབྲས་བུ་	འབྲས་བུ་	NOUN
ར་	ལ་	PART
མི་རིགས་	མི་རིགས་	NOUN
།		PUNCT
		
		
མཉན་	མཉན་	VERB
བྱ་	བྱ་	VERB
དང་	དང་	NO_POS
མཚུངས་པ་	མཚུངས་པ་	VERB
ར་	ལ་	PART
བསྟན་	བསྟན་	VERB
།		PUNCT
		
		
རིགས་ཅན་	རིགས་ཅན་	ADJ
གྱི་	གི་	PART
གཞན་	གཞན་	DET
ཡང་	ཀྱང་	PART
དེ་ལྟ་	དེ་ལྟ་	NO_POS
གྲུབ་པ་	གྲུབ་པ་	VERB
འོ་	གོ་	PART
།།		PUNCT
		
བཞི་པ་	བཞི་པ་	ADJ
བུམ་	བུམ་	NOUN
སོགས་	སོགས་	DET
བདག་མེད་	བདག་མེད་	ADJ
དུ་	ལ་	PART
མི་	མི་	PART
འགྲུབ་པ་	འགྲུབ་པ་	VERB
ལ་	ལ་	PART
གཉིས་	གཉིས་	NUM
།		PUNCT
		
ཐལ་བ་	ཐལ་བ་	NOUN
དགོད་	དགོད་	VERB
།		PUNCT
		
		
དེ་	དེ་	DET
འི་	གི་	PART
ལན་	ལན་	NOUN
དགག་པ་	དགག་པ་	VERB
འོ་	གོ་	PART
།།		PUNCT
		
དྲུག་པ་	དྲུག་པ་	NUM
སྲོག་	སྲོག་	NOUN
སོགས་	སོགས་	DET
མཉན་	མཉན་	VERB
བྱ་	བྱ་	VERB
དང་	དང་	NO_POS
མཚུངས་པ་	མཚུངས་པ་	VERB
ར་	ལ་	PART
བསྟན་པ་	བསྟན་པ་	VERB
ལ་	ལ་	PART
བཞི་	བཞི་	NUM
།		PUNCT
		
མཚུངས་པ་	མཚུངས་པ་	VERB
འི་	གི་	PART
རྒྱུ་མཚན་	རྒྱུ་མཚན་	NOUN
།		PUNCT
		
		
མི་	མི་	PART
མཚུངས་པ་	མཚུངས་པ་	VERB
འི་	གི་	PART
རྒྱུ་མཚན་	རྒྱུ་མཚན་	NOUN
དགག་	དགག་	VERB
		
		
དེས་ན་	དེས་ན་	NO_POS
སྲོག་	སྲོག་	NOUN
སོགས་	སོགས་	DET
བདག་མེད་	བདག་མེད་	ADJ
ལས་མི་	ལས་མི་	NOUN
ལྡོག་	ལྡོག་	VERB
།		PUNCT
		
		
ལྡོག་	ལྡོག་	VERB
ཀྱང་	ཀྱང་	PART
བདག་	བདག་	PRON
བཅའ་	བཅའ་	VERB
སུ་	ལ་	PART
མི་	མི་	PART
འགྲུབ་པ་	འགྲུབ་པ་	VERB
འོ་	གོ་	PART
།།		PUNCT
		
གཉིས་པ་	གཉིས་པ་	NUM
མི་	མི་	PART
མཚུངས་པ་	མཚུངས་པ་	VERB
འི་	གི་	PART
རྒྱུ་མཚན་	རྒྱུ་མཚན་	NOUN
དགག་པ་	དགག་པ་	VERB
ལ་	ལ་	PART
གསུམ་	གསུམ་	NUM
།		PUNCT
		
དངོ་	དངོ་	NOUN
།		PUNCT
		
		
ལྡོག་པ་	ལྡོག་པ་	VERB
གྲུབ་	གྲུབ་	VERB
ན་	ལ་	PART
རྗེས་འགྲོ་	རྗེས་འགྲོ་	OTHER
གྲུབ་	གྲུབ་	VERB
།		PUNCT
		
		
དེ་	དེ་	DET
འི་	གི་	PART
ལན་	ལན་	NOUN
དགག་པ་	དགག་པ་	VERB
འོ་	གོ་	PART
།།		PUNCT
		
གསུམ་པ་	གསུམ་པ་	NUM
དེ་	དེ་	DET
འི་	གི་	PART
ལན་	ལན་	NOUN
དགག་པ་	དགག་པ་	VERB
ལ་	ལ་	PART
གཉིས་	གཉིས་	NUM
།		PUNCT
		
རྩོད་པ་	རྩོད་པ་	VERB
དང་	དང་	NO_POS
།		PUNCT
		
		
ལན་	ལན་	NOUN
ནོ་	གོ་	PART
།།		PUNCT
		
གཉིས་པ་	གཉིས་པ་	NUM
ལན་	ལན་	NOUN
ལ་	ལ་	PART
ལྔ་	ལྔ་	NUM
།		PUNCT
		
དངོས་མེད་	དངོས་མེད་	NOUN
ལ་	ལ་	PART
ལྡོག་པ་	ལྡོག་པ་	VERB
དགག་	དགག་	VERB
ཏུ་	ལ་	PART
མེད་པ་	མེད་པ་	VERB
ར་	ལ་	PART
ཐལ་བ་	ཐལ་བ་	NOUN
།		PUNCT
		
		
ཐ་སྙད་	ཐ་སྙད་	NOUN
རྒྱུན་	རྒྱུན་	NOUN
ཆད་	ཆད་	VERB
དུ་ཐལ་བ་	དུ་ཐལ་བ་	NO_POS
།		PUNCT
		
		
དགག་པ་	དགག་པ་	VERB
འི་	གི་	PART
དོན་མེད་པ་	དོན་མེད་པ་	ADJ
ར་	ལ་	PART
ཐལ་བ་	ཐལ་བ་	NOUN
།		PUNCT
		
		
དེ་	དེ་	DET
འི་	གི་	PART
ཕྱི་	ཕྱི་	OTHER
མེད་པ་	མེད་པ་	VERB
ལ་	ལ་	PART
དགག་སྒྲུབ་	དགག་སྒྲུབ་	OTHER
རུང་བ་	རུང་བ་	VERB
།		PUNCT
		
		
རང་མཚན་	རང་མཚན་	NO_POS
ལ་	ལ་	PART
དགག་སྒྲུབ་	དགག་སྒྲུབ་	OTHER
མི་	མི་	PART
རུང་བ་	རུང་བ་	VERB
འོ་	གོ་	PART
།།		PUNCT
		
ལྔ་པ་	ལྔ་པ་	NUM
རང་མཚན་	རང་མཚན་	NO_POS
ལ་	ལ་	PART
དགག་སྒྲུབ་	དགག་སྒྲུབ་	OTHER
མི་	མི་	PART
རུང་བ་	རུང་བ་	VERB
ལ་	ལ་	PART
གསུམ་	གསུམ་	NUM
།		PUNCT
		
རང་མཚན་	རང་མཚན་	NO_POS
ལ་	ལ་	PART
དགག་སྒྲུབ་	དགག་སྒྲུབ་	OTHER
བྱེད་	བྱེད་	VERB
ན་	ལ་	PART
ཧ་ཅང་	ཧ་ཅང་	ADV
ཐལ་	ཐལ་	VERB
།		PUNCT
		
		
དེ་	སྟེ་	PART
ལ་	ལ་	PART
དགག་སྒྲུབ་	དགག་སྒྲུབ་	OTHER
མི་	མི་	PART
བྱེད་པ་	བྱེད་པ་	VERB
འི་	གི་	PART
རྒྱུ་མཚན་	རྒྱུ་མཚན་	NOUN
།		PUNCT
		
		
སྒྲ་དོན་	སྒྲ་དོན་	NOUN
ལ་	ལ་	PART
བརྟེན་	བརྟེན་	VERB
ན་	ནས་	PART
རང་མཚན་	རང་མཚན་	NO_POS
ཐོབ་པ་	ཐོབ་པ་	VERB
ར་	ལ་	PART
བསྟན་པ་	བསྟན་པ་	VERB
འོ་	གོ་	PART
།།		PUNCT
		
གསུམ་པ་	གསུམ་པ་	NUM
སྲོག་	སྲོག་	NOUN
སོགས་	སོགས་	DET
བདག་མེད་	བདག་མེད་	ADJ
ལས་མི་	ལས་མི་	NOUN
ལྡོག་པ་	ལྡོག་པ་	VERB
ལ་	ལ་	PART
གསུམ་	གསུམ་	NUM
།		PUNCT
		
བུམ་	བུམ་	NOUN
སོགས་	སོགས་	DET
བདག་མེད་	བདག་མེད་	ADJ
དུ་མ་	དུ་མ་	ADJ
གྲུབ་	གྲུབ་	VERB
།		PUNCT
		
		
མཐུན་	མཐུན་	VERB
ཕྱོགས་	ཕྱོགས་	NOUN
ལ་	ལ་	ADP
ས་	གིས་	PART
ཀྱང་	ཀྱང་	PART
ལྡོག་པ་	ལྡོག་པ་	VERB
ར་	ལ་	PART
དོགས་པ་	དོགས་པ་	VERB
།		PUNCT
		
		
དེས་ན་	དེས་ན་	NO_POS
ལྡོག་ཁྱབ་	ལྡོག་ཁྱབ་	NO_POS
མ་གྲུབ་པ་	མ་གྲུབ་པ་	NO_POS
འོ་	གོ་	PART
།།		PUNCT
		
བཞི་པ་	བཞི་པ་	ADJ
བདག་	བདག་	PRON
ལ་	ལ་	ADP
ས་	གིས་	PART
ལྡོག་	ལྡོག་	VERB
ཀྱང་	ཀྱང་	PART
བདག་	བདག་	PRON
བཅའ་	བཅའ་	VERB
སུ་	ལ་	PART
མི་	མི་	PART
འགྲུབ་པ་	འགྲུབ་པ་	VERB
ལ་	ལ་	PART
གཉིས་	གཉིས་	NUM
།		PUNCT
		
སྤྱི་		
གཏན་ཚིགས་	གཏན་ཚིགས་	NOUN
ཡིན་	ཡིན་	NO_POS
ན་	ལ་	PART
འབྲེལ་བ་	འབྲེལ་བ་	VERB
དང་	དང་	NO_POS
དེ་	སྟེ་	PART
ངེས་	ངེས་	VERB
བྱེད་	བྱེད་	VERB
ལ་	ལ་	PART
བལྟོས་པ་	བལྟོས་པ་	VERB
།		PUNCT
		
		
དེ་	སྟེ་	PART
བདག་	བདག་	PRON
སྲོག་	སྲོག་	NOUN
ལ་	ལ་	PART
མི་རིགས་པ་	མི་རིགས་པ་	NOUN
འོ་	གོ་	PART
།།		PUNCT
		
གཉིས་པ་	གཉིས་པ་	NUM
དེ་	སྟེ་	PART
བདག་	བདག་	PRON
སྲོག་	སྲོག་	NOUN
ལ་	ལ་	PART
མི་རིགས་པ་	མི་རིགས་པ་	NOUN
ལ་	ལ་	PART
གཉིས་	གཉིས་	NUM
།		PUNCT
		
དེ་	སྟེ་	PART
བྱུང་	བྱུང་	VERB
འབྲེལ་	འབྲེལ་	VERB
མི་རིགས་པ་	མི་རིགས་པ་	NOUN
།		PUNCT
		
		
བདག་	བདག་	PRON
གཅིག་	གཅིག་	NUM
འབྲེལ་	འབྲེལ་	VERB
མི་རིགས་པ་	མི་རིགས་པ་	NOUN
འོ་	གོ་	PART
།།		PUNCT
		
དང་པོ་	དང་པོ་	ADJ
དེ་	སྟེ་	PART
བྱུང་	བྱུང་	VERB
འབྲེལ་	འབྲེལ་	VERB
མི་རིགས་པ་	མི་རིགས་པ་	NOUN
ལ་	ལ་	PART
གསུམ་	གསུམ་	NUM
།		PUNCT
		
དངོ་	དངོ་	NOUN
དང་	དང་	NO_POS
།		PUNCT
		
		
རྩོད་པ་	རྩོད་པ་	VERB
སྤང་བ་	སྤང་བ་	VERB
།		PUNCT
		
		
དོན་	དོན་	NOUN
བསྡུ་བ་	བསྡུ་བ་	VERB
འོ་	གོ་	PART
།།		PUNCT
		
གསུམ་པ་	གསུམ་པ་	NUM
མི་	མི་	PART
དམིགས་པ་	དམིགས་པ་	VERB
ལོགས་	ལོགས་	NOUN
སུ་	ལ་	PART
མི་	མི་	PART
སྟོན་པ་	སྟོན་པ་	NOUN
འི་	གི་	PART
རྒྱུ་མཚན་	རྒྱུ་མཚན་	NOUN
ལ་	ལ་	PART
བཞི་	བཞི་	NUM
།		PUNCT
		
རྒྱུ་	རྒྱུ་	NOUN
དང་	དང་	NO_POS
ཁྱབ་བྱེད་	ཁྱབ་བྱེད་	NO_POS
མ་	མ་	PART
དམིགས་པ་	དམིགས་པ་	VERB
།		PUNCT
		
		
རང་བཞིན་	རང་བཞིན་	NOUN
མ་	མ་	PART
དམིགས་པ་	དམིགས་པ་	VERB
།		PUNCT
		
		
ཞ་	ཞ་	NOUN
ལ་	ལ་	PART
མི་སྣང་བ་	མི་སྣང་བ་	NO_POS
མ་	མ་	PART
དམིགས་པ་	དམིགས་པ་	VERB
འི་	གི་	PART
གཏན་	གཏན་	NOUN
ཚྀགས་		NON_WORD
བཤད་པ་	བཤད་པ་	VERB
།		PUNCT
		
		
འགལ་	འགལ་	VERB
དམིགས་	དམིགས་	VERB
ཀྱི་	གི་	PART
རྟགས་	རྟགས་	NOUN
ལོགས་	ལོགས་	NOUN
སུ་	ལ་	PART
མི་	མི་	PART
སྟོན་པ་	སྟོན་པ་	NOUN
འི་	གི་	PART
རྒྱུ་མཚན་	རྒྱུ་མཚན་	NOUN
ནོ་	གོ་	PART
།།		PUNCT
		
གཉིས་པ་	གཉིས་པ་	NUM
རང་བཞིན་	རང་བཞིན་	NOUN
མ་	མ་	PART
དམིགས་པ་	དམིགས་པ་	VERB
ལོགས་	ལོགས་	NOUN
སུ་	ལ་	PART
མི་	མི་	PART
སྟོན་པ་	སྟོན་པ་	NOUN
འི་	གི་	PART
རྒྱུ་མཚན་	རྒྱུ་མཚན་	NOUN
ལ་	ལ་	PART
བཞི་	བཞི་	NUM
།		PUNCT
		
སློབ་དཔོན་	སློབ་དཔོན་	NOUN
རང་བཞིན་	རང་བཞིན་	NOUN
མ་	མ་	PART
དམིགས་པ་	དམིགས་པ་	VERB
ར་	ལ་	PART
བཞེད་པ་	བཞེད་པ་	VERB
ར་	ལ་	PART
བསྟན་པ་	བསྟན་པ་	VERB
།		PUNCT
		
		
དེ་	སྟེ་	PART
རྟགས་	རྟགས་	NOUN
སུ་	ལ་	PART
འགྱུར་བ་	འགྱུར་བ་	VERB
འི་	གི་	PART
ཚུལ་	ཚུལ་	NOUN
།		PUNCT
		
		
ལོགས་	ལོགས་	NOUN
སུ་	ལ་	PART
མི་	མི་	PART
སྟོན་པ་	སྟོན་པ་	NOUN
འི་	གི་	PART
རྒྱུ་མཚན་	རྒྱུ་མཚན་	NOUN
དངོ་	དངོ་	NOUN
སོ་	གོ་	PART
།།		PUNCT
		
		
རྩོད་པ་	རྩོད་པ་	VERB
སྤང་བ་	སྤང་བ་	VERB
འོ་	གོ་	PART
།།		PUNCT
		
བཞི་པ་	བཞི་པ་	ADJ
རྩོད་པ་	རྩོད་པ་	VERB
སྤང་བ་	སྤང་བ་	VERB
ལ་	ལ་	PART
གསུམ་	གསུམ་	NUM
།		PUNCT
		
མི་	མི་	PART
དམིགས་པ་	དམིགས་པ་	VERB
འི་	གི་	PART
བློ་སྐྱེ་བ་	བློ་སྐྱེ་བ་	NO_POS
འི་	གི་	PART
ཚུལ་	ཚུལ་	NOUN
།		PUNCT
		
		
མི་	མི་	PART
དམིགས་པ་	དམིགས་པ་	VERB
རང་	རང་	PRON
གིས་	གིས་	PART
གྲུབ་	གྲུབ་	VERB
།		PUNCT
		
		
དོན་	དོན་	NOUN
བསྡུ་བ་	བསྡུ་བ་	VERB
འོ་	གོ་	PART
།།		PUNCT
		
བཞི་པ་	བཞི་པ་	ADJ
འགལ་	འགལ་	VERB
དམིགས་	དམིགས་	VERB
ཀྱི་	གི་	PART
རྟགས་	རྟགས་	NOUN
ལོགས་	ལོགས་	NOUN
སུ་	ལ་	PART
མི་	མི་	PART
སྟོན་པ་	སྟོན་པ་	NOUN
འི་	གི་	PART
རྒྱུ་མཚན་	རྒྱུ་མཚན་	NOUN
བཤད་པ་	བཤད་པ་	VERB
ལ་	ལ་	PART
གཉིས་	གཉིས་	NUM
།		PUNCT
		
སྤྱི་		
བསྟན་པ་	བསྟན་པ་	VERB
།		PUNCT
		
		
ཚད་མ་	ཚད་མ་	NOUN
ས་	གིས་	PART
གནོད་	གནོད་	VERB
འགལ་	འགལ་	VERB
བྱེ་བྲག་	བྱེ་བྲག་	NOUN
ཏུ་	ལ་	PART
བཤད་པ་	བཤད་པ་	VERB
འོ་	གོ་	PART
།།		PUNCT
		
གཉིས་པ་	གཉིས་པ་	NUM
ཚད་མ་	ཚད་མ་	NOUN
ས་	གིས་	PART
གནོད་	གནོད་	VERB
འགལ་	འགལ་	VERB
བྱེ་བྲག་	བྱེ་བྲག་	NOUN
ཏུ་	ལ་	PART
བཤད་པ་	བཤད་པ་	VERB
ལ་	ལ་	PART
གཉིས་	གཉིས་	NUM
།		PUNCT
		
དངོ་	དངོ་	NOUN
དང་	དང་	NO_POS
།		PUNCT
		
		
རྒྱུ་མཚན་	རྒྱུ་མཚན་	NOUN
ནོ་	གོ་	PART
།།		PUNCT
		
གཉིས་པ་	གཉིས་པ་	NUM
རྒྱུ་མཚན་	རྒྱུ་མཚན་	NOUN
ལ་	ལ་	PART
བཞི་	བཞི་	NUM
།		PUNCT
		
བལྟོས་	བལྟོས་	NO_POS
བཅའ་	བཅའ་	VERB
ངེས་པ་		
མི་	མི་	PART
འཐད་	འཐད་	VERB
།		PUNCT
		
		
བལྟོས་	བལྟོས་	NO_POS
མེད་	མེད་	VERB
མ་ངེས་པ་	མ་ངེས་པ་	NO_POS
ར་	ལ་	PART
མི་	མི་	PART
འཐད་	འཐད་	VERB
།		PUNCT
		
		
དངོས་པོ་	དངོས་པོ་	NOUN
མིན་པ་	མིན་པ་	VERB
སྤང་	སྤང་	VERB
།		PUNCT
		
		
དོན་	དོན་	NOUN
བསྡུ་བ་	བསྡུ་བ་	VERB
འོ་	གོ་	PART
།།		PUNCT
		
གསུམ་པ་	གསུམ་པ་	NUM
ཐ་མ་	ཐ་མ་	ADJ
ར་	ལ་	PART
དགེ་བ་	དགེ་བ་	VERB
རྩོམ་པ་	རྩོམ་པ་	VERB
མཐ་	མཐའ་	NOUN
ར་	ལ་	PART
ཕྱིན་པ་	ཕྱིན་པ་	VERB
འི་	གི་	PART
བྱ་བ་	བྱ་བ་	VERB
ལ་	ལ་	PART
གསུམ་	གསུམ་	NUM
།		PUNCT
		
གཞུང་	གཞུང་	NOUN
འདི་	འདི་	DET
རྟོགས་པ་	རྟོགས་པ་	VERB
ར་	ལ་	PART
དཀའ་བ་	དཀའ་བ་	VERB
དང་	དང་	NO_POS
།		PUNCT
		
		
རྟོགས་	རྟོགས་	VERB
ན་	ལ་	PART
ཕན་ཡོན་	ཕན་ཡོན་	NOUN
ཆེ་བ་	ཆེ་བ་	VERB
ར་	ལ་	PART
བསྟན་པ་	བསྟན་པ་	VERB
།		PUNCT
		
		
རྩོམ་པ་པོ་	རྩོམ་པ་པོ་	NOUN
འི་	གི་	PART
མཚན་	མཚན་	NOUN
བརྗོད་པ་	བརྗོད་པ་	VERB
འོ་	གོ་	PART
།།		PUNCT
		
